season,player_id,old_player_id,team_abv,team,player_number,player_first_name,player_last_name,player_short_name,player_position,player_height_m,player_height_in,player_weight_kg,player_weight_lbs,birth_place,birth_nation,primary_nation,secondary_nation,birthdate,previous_team,is_previous_contract,all_star,updated,awards,player_headshot_url
2021,,al-mustafa-almakki,SRG,Stuttgart Surge,,Al Mustafa,Almakki,A. Almakki,OL,1.87,73.62,135.0,297.62,,,,,,,,,,,
2021,,cedric-konig,SRG,Stuttgart Surge,,Cedric,Konig,C. Konig,DB,1.93,75.98,93.0,205.03,,,,,,,,,,,
2021,,jens-hauser,SRG,Stuttgart Surge,10.0,Jens,Hauser,J. Hauser,K,1.81,71.26,96.0,211.64,,,,,,,,,,,
2021,,ronley-lakalaka,SRG,Stuttgart Surge,11.0,Ronley,Lakalaka,R. Lakalaka,ILB,1.82,71.65,102.0,224.87,,,,,,,,,,,
2021,,luca-faschian,SRG,Stuttgart Surge,12.0,Luca,Faschian,L. Faschian,WR,1.89,74.41,87.0,191.8,,,,,,,,,,,
2021,,frederic-latour,SRG,Stuttgart Surge,14.0,Frederic,Latour,F. Latour,WR,1.93,75.98,90.0,198.42,,,,,,,,,,,
2021,,michael-winterlik,SRG,Stuttgart Surge,16.0,Michael,Winterlik,M. Winterlik,QB,1.79,70.47,70.0,154.32,,,,,,,,,,,
2021,,pascal-floser,SRG,Stuttgart Surge,17.0,Pascal,Floser,P. Floser,WR,1.81,71.26,85.0,187.39,,,,,,,,,,,
2021,,louis-geyer,SRG,Stuttgart Surge,18.0,Louis,Geyer,L. Geyer,WR,1.88,74.02,90.0,198.42,,,,,,,,,,,
2021,,paul-steigerwald,SRG,Stuttgart Surge,18.0,Paul,Steigerwald,P. Steigerwald,WR,1.98,77.95,98.0,216.05,,,,,,,,,,,
2021,,aaron-ellis,SRG,Stuttgart Surge,2.0,Aaron,Ellis,A. Ellis,QB,1.9,74.8,104.0,229.28,,,,,,,,,,,
2021,,danny-washington,SRG,Stuttgart Surge,2.0,Danny,Washington ,D. Washington ,LB,1.76,69.29,95.0,209.44,,,,,,,,,,,
2021,,dale-warren,SRG,Stuttgart Surge,20.0,Dale,Warren,D. Warren,LB,1.84,72.44,104.0,229.28,,,,,,,,,,,
2021,a8c08fe1-a503-497b-8c24-c39b9f6d1e14,julian-jakob,SRG,Stuttgart Surge,21.0,Julian,Jakob,J. Jakob,CB,1.82,71.65,78.0,171.96,,,,,,,,,,,
2021,,collins-kamara,SRG,Stuttgart Surge,22.0,Collins,Kamara,C. Kamara,RB,1.77,69.69,88.0,194.01,,,,,,,,,,,
2021,,wesley-martheli,SRG,Stuttgart Surge,22.0,Wesley,Martheli,W. Martheli,S,1.8,70.87,84.0,185.19,,,,,,,,,,,
2021,,marcel-dabo,SRG,Stuttgart Surge,23.0,Marcel,Dabo,M. Dabo,CB,1.84,72.44,,,,,,,,,,,,,
2021,,finn-seibert,SRG,Stuttgart Surge,24.0,Finn,Seibert,F. Seibert,WR,1.87,73.62,90.0,198.42,,,,,,,,,,,
2021,,ruben-pein,SRG,Stuttgart Surge,26.0,Ruben,Pein ,R. Pein ,RB,1.77,69.69,81.0,178.57,,,,,,,,,,,
2021,,biagio-caprino,SRG,Stuttgart Surge,27.0,Biagio,Caprino,B. Caprino,DT,,,,,,,,,,,,,,,
2021,,samuel-shannon,SRG,Stuttgart Surge,27.0,Samuel,Shannon,S. Shannon,RB,1.85,72.83,94.0,207.23,,,,,,,,,,,
2021,,lucky-ogbevoen,SRG,Stuttgart Surge,29.0,Lucky,Ogbevoen,L. Ogbevoen,OLB,1.9,74.8,100.0,220.46,,,,,,,,,,,
2021,4f873eae-e03b-44cd-873f-c57d0b9654b1,timo-bronn,SRG,Stuttgart Surge,3.0,Timo,Bronn,T. Bronn,K,1.81,71.26,75.0,165.35,,,,,,,,,,,
2021,,til-becker,SRG,Stuttgart Surge,30.0,Til,Becker,T. Becker,OLB,1.9,74.8,100.0,220.46,,,,,,,,,,,
2021,f7668e7b-c327-4bff-93b5-35549fd80e03,nick-wenzelburger,SRG,Stuttgart Surge,31.0,Nick,Wenzelburger,N. Wenzelburger,S,1.84,72.44,89.0,196.21,,,,,,,,,,,
2021,,julian-ludwig-mayorga,SRG,Stuttgart Surge,32.0,Julian,Ludwig-Mayorga,J. Ludwig-Mayorga,S,1.82,71.65,80.0,176.37,,,,,,,,,,,
2021,cc89ff1f-2e1e-4886-9d91-b67c6206aa9e,ben-wenzler,SRG,Stuttgart Surge,33.0,Ben,Wenzler,B. Wenzler,CB,1.84,72.44,80.0,176.37,,,,,,,,,,,
2021,,serdar-kiraz,SRG,Stuttgart Surge,34.0,Serdar,Kiraz,S. Kiraz,RB,1.78,70.08,95.0,209.44,,,,,,,,,,,
2021,,kevin-bannasch,SRG,Stuttgart Surge,37.0,Kevin,Bannasch,K. Bannasch,S,1.83,72.05,89.0,196.21,,,,,,,,,,,
2021,,alexander-eitel,SRG,Stuttgart Surge,4.0,Alexander,Eitel,A. Eitel,WR,1.7,66.93,72.0,158.73,,,,,,,,,,,
2021,def0dc8a-0965-4e41-a75e-abfe78b22fc4,bryan-yankson,SRG,Stuttgart Surge,41.0,Bryan,Yankson,B. Yankson,RB,1.73,68.11,88.0,194.01,,,,,,,,,,,
2021,,zachary-blair,SRG,Stuttgart Surge,42.0,Zachary,Blair,Z. Blair,ILB,1.88,74.02,100.0,220.46,,,,,,,,,,,
2021,,japhet-maleka-mbala,SRG,Stuttgart Surge,44.0,Japhet Maleka,Mbala,J. Mbala,ILB,1.75,68.9,89.0,196.21,,,,,,,,,,,
2021,,nijaz-hamulic,SRG,Stuttgart Surge,45.0,Nijaz,Hamulic,N. Hamulic,ILB,1.87,73.62,105.0,231.49,,,,,,,,,,,
2021,,tom-stickel,SRG,Stuttgart Surge,48.0,Tom,Stickel,T. Stickel,ILB,1.92,75.59,108.0,238.1,,,,,,,,,,,
2021,,daniel-meza,SRG,Stuttgart Surge,5.0,David,Meza,D. Meza,TE,1.95,76.77,115.0,253.53,,,,,,,,,,,
2021,,jessie-wegner,SRG,Stuttgart Surge,52.0,Jessie,Wegner,J. Wegner,OL,1.93,75.98,110.0,242.51,,,,,,,,,,,
2021,,constantin-lassing,SRG,Stuttgart Surge,54.0,Constantin,Lässing,C. Lässing,LB,1.78,70.08,98.0,216.05,,,,,,,,,,,
2021,,dennis-gratza,SRG,Stuttgart Surge,55.0,Dennis,Gratza,D. Gratza,ILB,1.75,68.9,97.0,213.85,,,,,,,,,,,
2021,,lasse-rave,SRG,Stuttgart Surge,58.0,Lasse,Rave ,L. Rave ,LB,1.83,72.05,97.0,213.85,,,,,,,,,,,
2021,7786881b-fb82-45d1-a377-7795ea4bc0ff,jean-charles-moukouri,SRG,Stuttgart Surge,6.0,Jean-Charles,Moukouri,J. Moukouri,RB,1.73,68.11,95.0,209.44,,,,,,,,,,,
2021,,marvin-roben,SRG,Stuttgart Surge,60.0,Marvin,Roben,M. Roben,OL,2.0,78.74,180.0,396.83,,,,,,,,,,,
2021,,jason-kuhn,SRG,Stuttgart Surge,68.0,Jason,Kühn,J. Kühn,OL,1.87,73.62,126.0,277.78,,,,,,,,,,,
2021,,thomas-ghebrezhirer,SRG,Stuttgart Surge,68.0,Thomas,Ghebrezhirer,T. Ghebrezhirer,OL,1.8,70.87,122.0,268.96,,,,,,,,,,,
2021,,thomas-edel,SRG,Stuttgart Surge,7.0,Thomas,Edel,T. Edel,RB,1.84,72.44,107.0,235.89,,,,,,,,,,,
2021,,jan-steiger,SRG,Stuttgart Surge,71.0,Jan,Steiger,J. Steiger,OL,1.98,77.95,115.0,253.53,,,,,,,,,,,
2021,,darko-pisaric,SRG,Stuttgart Surge,72.0,Darko,Pisaric,D. Pisaric,DT,1.93,75.98,117.0,257.94,,,,,,,,,,,
2021,,maximilian-kempchen,SRG,Stuttgart Surge,72.0,Maximilian,Kempchen,M. Kempchen,OL,1.92,75.59,113.0,249.12,,,,,,,,,,,
2021,,leon-habich,SRG,Stuttgart Surge,73.0,Leon,Häbich,L. Häbich,OL,1.9,74.8,125.0,275.58,,,,,,,,,,,
2021,,lukas-stingl,SRG,Stuttgart Surge,74.0,Lukas,Stingl,L. Stingl,OL,1.86,73.23,115.0,253.53,,,,,,,,,,,
2021,,jai-jackson,SRG,Stuttgart Surge,75.0,Jai,Jackson,J. Jackson,OL,1.91,75.2,107.0,235.89,,,,,,,,,,,
2021,,marc-kuppinger,SRG,Stuttgart Surge,77.0,Marc,Kuppinger,M. Kuppinger,OL,1.91,75.2,128.0,282.19,,,,,,,,,,,
2021,,lukas-huster,SRG,Stuttgart Surge,8.0,Lukas,Huster,L. Huster,WR,1.88,74.02,84.0,185.19,,,,,,,,,,,
2021,,victor-ferrier,SRG,Stuttgart Surge,8.0,Victor,Ferrier,V. Ferrier,S,1.84,72.44,88.0,194.01,,,,,,,,,,,
2021,,fabian-weigel,SRG,Stuttgart Surge,81.0,Fabian,Weigel,F. Weigel,WR,1.81,71.26,86.0,189.6,,,,,,,,,,,
2021,543ee8f9-b6c6-4279-8cb6-bdc115fdaae5,domenik-rofalski,SRG,Stuttgart Surge,82.0,Domenik,Rofalski,D. Rofalski,TE,1.91,75.2,103.0,227.08,,,,,,,,,,,
2021,,peter-weiblen,SRG,Stuttgart Surge,85.0,Peter,Weiblen,P. Weiblen,WR,1.8,70.87,90.0,198.42,,,,,,,,,,,
2021,,jens-walter,SRG,Stuttgart Surge,88.0,Jens,Walter,J. Walter,TE,1.93,75.98,110.0,242.51,,,,,,,,,,,
2021,ffe79fcc-e8c4-4ed5-936e-ea7d6e59290d,marvin-pludra,SRG,Stuttgart Surge,88.0,Marvin,Pludra,M. Pludra,TE,1.98,77.95,136.0,299.83,,,,,,,,,,,
2021,,felix-haufe,SRG,Stuttgart Surge,91.0,Felix,Haufe,F. Haufe,DL,1.75,68.9,135.0,297.62,,,,,,,,,,,
2021,,tobias-burkhardt,SRG,Stuttgart Surge,92.0,Tobias,Burkhardt,T. Burkhardt,DT,1.92,75.59,123.0,271.17,,,,,,,,,,,
2021,,florian-breitenbach,SRG,Stuttgart Surge,96.0,Florian,Breitenbach,F. Breitenbach,DL,1.8,70.87,105.0,231.49,,,,,,,,,,,
2021,,philipp-ungericht,SRG,Stuttgart Surge,97.0,Philipp,Ungericht,P. Ungericht,DE,1.96,77.17,125.0,275.58,,,,,,,,,,,
2021,,marcel-furst,SRG,Stuttgart Surge,98.0,Marcel,Fürst,M. Fürst,DE,1.95,76.77,128.0,282.19,,,,,,,,,,,
2021,,sercan-vardar,SRG,Stuttgart Surge,99.0,Sercan,Vardar,S. Vardar,DE,1.77,69.69,114.0,251.33,,,,,,,,,,,
2021,,michal-zieta,WPA,Panthers Wroclaw,,Michal,Zieta,M. Zieta,WR,1.81,71.26,82.0,180.78,,,,,,,,,,,
2021,,piotr-golacki,WPA,Panthers Wroclaw,,Piotr,Golacki,P. Golacki,K,,,,,,,,,,,,,,,
2021,,darius-robinson,WPA,Panthers Wroclaw,1.0,Darius,Saint-Robinson,D. Saint-Robinson,CB,1.83,72.05,82.0,180.78,,,,,,,,,,,
2021,,milosz-mackow,WPA,Panthers Wroclaw,10.0,Milosz,Mackow,M. Mackow,TE,1.76,69.29,103.0,227.08,,,,,,,,,,,
2021,,dawid-panczyszyn,WPA,Panthers Wroclaw,12.0,Dawid,Panczyszyn,D. Panczyszyn,K,1.73,68.11,85.0,187.39,,,,,,,,,,,
2021,,kavontae-turpin,WPA,Panthers Wroclaw,12.0,KaVontae,Turpin,K. Turpin,WR,1.75,68.9,72.0,158.73,,,,,,,,,,,
2021,,damian-kwiatkowski,WPA,Panthers Wroclaw,13.0,Damian,Kwiatkowski,D. Kwiatkowski,RB,1.87,73.62,91.0,200.62,,,,,,,,,,,
2021,,kacper-fiedziuk,WPA,Panthers Wroclaw,14.0,Kacper,Fiedziuk,K. Fiedziuk,WR,1.96,77.17,98.0,216.05,,,,,,,,,,,
2021,,bartosz-dziedzic,WPA,Panthers Wroclaw,15.0,Bartosz,Dziedzic,B. Dziedzic,WR,1.87,73.62,83.0,182.98,,,,,,,,,,,
2021,,wiktor-zieba,WPA,Panthers Wroclaw,16.0,Wiktor,Zieba,W. Zieba,WR,1.87,73.62,94.0,207.23,,,,,,,,,,,
2021,,adrian-grodecki,WPA,Panthers Wroclaw,18.0,Adrian,Grodecki,A. Grodecki,WR,1.85,72.83,81.0,178.57,,,,,,,,,,,
2021,,daniel-piatkowski,WPA,Panthers Wroclaw,19.0,Daniel,Piatkowski,D. Piatkowski,S,1.87,73.62,95.0,209.44,,,,,,,,,,,
2021,,lukas-oconnor,WPA,Panthers Wroclaw,2.0,Lukas,O'Connor,L. O'Connor,QB,1.93,75.98,98.0,216.05,,,,,,,,,,,
2021,,kacper-rokicinski,WPA,Panthers Wroclaw,20.0,Kacper,Rokicinski,K. Rokicinski,CB,1.8,70.87,83.0,182.98,,,,,,,,,,,
2021,,przemyslaw-lewszyk,WPA,Panthers Wroclaw,21.0,Przemyslaw,Lewszyk,P. Lewszyk,LB,1.84,72.44,103.0,227.08,,,,,,,,,,,
2021,,jaroslaw-lewszyk,WPA,Panthers Wroclaw,22.0,Jaroslaw,Lewszyk,J. Lewszyk,LB,1.81,71.26,91.0,200.62,,,,,,,,,,,
2021,,jakub-mazan,WPA,Panthers Wroclaw,23.0,Jakub,Mazan,J. Mazan,WR,1.89,74.41,91.0,200.62,,,,,,,,,,,
2021,,mark-herndon,WPA,Panthers Wroclaw,24.0,Mark,Herndon,M. Herndon,RB,1.75,68.9,95.0,209.44,,,,,,,,,,,
2021,,william-james,WPA,Panthers Wroclaw,24.0,William ,James,W. James,S,1.8,70.87,88.0,194.01,,,,,,,,,,,
2021,,marcin-osumek,WPA,Panthers Wroclaw,26.0,Marcin,Osumek,M. Osumek,DB,1.86,73.23,86.0,189.6,,,,,,,,,,,
2021,,grzegorz-piotrowski,WPA,Panthers Wroclaw,28.0,Grzegorz,Piotrowski,G. Piotrowski,DB,1.82,71.65,90.0,198.42,,,,,,,,,,,
2021,abc58452-4986-4903-a17d-db18c55805f5,kamil-kotlarz,WPA,Panthers Wroclaw,28.0,Kamil,Kotlarz,K. Kotlarz,RB,1.75,68.9,85.0,187.39,,,,,,,,,,,
2021,,pierre-courageux,WPA,Panthers Wroclaw,28.0,Pierre,Courageux,P. Courageux,DB,1.88,74.02,92.0,202.83,,,,,,,,,,,
2021,,szymon-jarmolkowicz,WPA,Panthers Wroclaw,3.0,Szymon,Jarmolkowicz,S. Jarmolkowicz,DB,1.8,70.87,87.0,191.8,,,,,,,,,,,
2021,,pawel-barul,WPA,Panthers Wroclaw,30.0,Pawel,Barul,P. Barul,RB,1.82,71.65,95.0,209.44,,,,,,,,,,,
2021,,jakub-halicki,WPA,Panthers Wroclaw,34.0,Jakub,Halicki,J. Halicki,S,1.8,70.87,85.0,187.39,,,,,,,,,,,
2021,,filip-kloskowski,WPA,Panthers Wroclaw,37.0,Filip ,Kloskowski,F. Kloskowski,LB,1.91,75.2,102.0,224.87,,,,,,,,,,,
2021,,william-lloyd,WPA,Panthers Wroclaw,4.0,William,Lloyd,W. Lloyd,ILB,1.85,72.83,98.0,216.05,,,,,,,,,,,
2021,,konrad-starczewski,WPA,Panthers Wroclaw,40.0,Konrad,Starczewski,K. Starczewski,FB,1.8,70.87,125.0,275.58,,,,,,,,,,,
2021,,jan-chmiel,WPA,Panthers Wroclaw,42.0,Jan,Chmiel,J. Chmiel,DE,1.84,72.44,104.0,229.28,,,,,,,,,,,
2021,,kacper-bogdanski,WPA,Panthers Wroclaw,44.0,Kacper,Bogdanski,K. Bogdanski,TE/ FB,1.73,68.11,103.0,227.08,,,,,,,,,,,
2021,,tadhg-leader,WPA,Panthers Wroclaw,44.0,Tadhg ,Leader,T. Leader,K,1.89,74.41,93.0,205.03,,,,,,,,,,,
2021,bae8d1e2-8923-4567-bcd2-d8c2c156d8df,tomasz-kiszka,WPA,Panthers Wroclaw,45.0,Tomasz,Kiszka,T. Kiszka,LB,1.8,70.87,102.0,224.87,,,,,,,,,,,
2021,,antoni-idziak,WPA,Panthers Wroclaw,47.0,Antoni,Idziak,A. Idziak,ILB,1.77,69.69,93.0,205.03,,,,,,,,,,,
2021,,kacper-oldak,WPA,Panthers Wroclaw,49.0,Kacper,Oldak,K. Oldak,ILB,1.82,71.65,95.0,209.44,,,,,,,,,,,
2021,b57c92cb-a185-485c-9533-665203acd036,goran-zec,WPA,Panthers Wroclaw,5.0,Goran,Zec,G. Zec,S,1.8,70.87,84.0,185.19,,,,,,,,,,,
2021,9409208f-a338-46b0-9938-b0e0c85a7d8a,szymon-adamczyk,WPA,Panthers Wroclaw,50.0,Szymon,Adamczyk,S. Adamczyk,DT,1.84,72.44,117.0,257.94,,,,,,,,,,,
2021,769bf111-463c-4fb9-977e-edb7c3ee8455,karlis-brauns,WPA,Panthers Wroclaw,54.0,Karlis,Brauns,K. Brauns,DE,1.97,77.56,120.0,264.55,,,,,,,,,,,
2021,,kacper-pawlak,WPA,Panthers Wroclaw,56.0,Kacper,Pawlak,K. Pawlak,DL,1.82,71.65,115.0,253.53,,,,,,,,,,,
2021,,kamil-ruta,WPA,Panthers Wroclaw,6.0,Kamil,Ruta,K. Ruta,OLB,1.87,73.62,112.0,246.92,,,,,,,,,,,
2021,,stefan-drecun,WPA,Panthers Wroclaw,64.0,Stefan,Drecun,S. Drecun,OL,1.94,76.38,130.0,286.6,,,,,,,,,,,
2021,,kamil-piatek,WPA,Panthers Wroclaw,65.0,Kamil,Piatek,K. Piatek,OL,1.86,73.23,130.0,286.6,,,,,,,,,,,
2021,,kajetan-korzynski,WPA,Panthers Wroclaw,68.0,Kajetan,Korżynski,K. Korżynski,OL,1.85,72.83,120.0,264.55,,,,,,,,,,,
2021,,jakub-wasiel,WPA,Panthers Wroclaw,7.0,Jakub,Wasiel,J. Wasiel,WR,1.72,67.72,,,,,,,,,,,,,
2021,,phileas-pasqualini,WPA,Panthers Wroclaw,7.0,Philéas,Pasqualini,P. Pasqualini,RB,1.8,70.87,106.0,233.69,,,,,,,,,,,
2021,,marek-stajer,WPA,Panthers Wroclaw,70.0,Marek,Stajer,M. Stajer,OL,1.77,69.69,133.0,293.21,,,,,,,,,,,
2021,,kamil-kur,WPA,Panthers Wroclaw,71.0,Kamil,Kur,K. Kur,OL,1.84,72.44,107.0,235.89,,,,,,,,,,,
2021,,damian-krawiec,WPA,Panthers Wroclaw,73.0,Damian,Krawiec,D. Krawiec,OL,1.84,72.44,150.0,330.69,,,,,,,,,,,
2021,,murilo-silva,WPA,Panthers Wroclaw,74.0,Murilo,Silva,M. Silva,OL,1.87,73.62,135.0,297.62,,,,,,,,,,,
2021,,eduardo-gonzalez,WPA,Panthers Wroclaw,79.0,Eduardo,Sanchez Gonzalez,E. Sanchez Gonzalez,OL,1.97,77.56,160.0,352.74,,,,,,,,,,,
2021,1814d9cf-7b98-49e4-a758-8a8942bb0938,hubert-ogrodowczyk,WPA,Panthers Wroclaw,8.0,Hubert,Ogrodowczyk,H. Ogrodowczyk,ILB,1.82,71.65,103.0,227.08,,,,,,,,,,,
2021,,przemyslaw-banat,WPA,Panthers Wroclaw,82.0,Przemyslaw,Banat,P. Banat,WR,1.88,74.02,85.0,187.39,,,,,,,,,,,
2021,,jan-korkuc,WPA,Panthers Wroclaw,83.0,Jan,Korkuc,J. Korkuc,WR,1.87,73.62,85.0,187.39,,,,,,,,,,,
2021,,kamil-muller,WPA,Panthers Wroclaw,83.0,Kamil,Muller,K. Muller,WR,1.84,72.44,88.0,194.01,,,,,,,,,,,
2021,,michal-goszczynski,WPA,Panthers Wroclaw,84.0,Michal,Goszczynski,M. Goszczynski,WR,1.97,77.56,92.0,202.83,,,,,,,,,,,
2021,,oskar-wypych,WPA,Panthers Wroclaw,85.0,Oskar,Wypych,O. Wypych,WR,1.8,70.87,87.0,191.8,,,,,,,,,,,
2021,,igor-maslanka,WPA,Panthers Wroclaw,87.0,Igor,Mašlanka,I. Mašlanka,TE,1.96,77.17,115.0,253.53,,,,,,,,,,,
2021,,tobiasz-witalis,WPA,Panthers Wroclaw,9.0,Tobiasz,Witalis,T. Witalis,DB,1.78,70.08,80.0,176.37,,,,,,,,,,,
2021,,jacek-wszol,WPA,Panthers Wroclaw,90.0,Jacek,Wszol,J. Wszol,DL,1.86,73.23,105.0,231.49,,,,,,,,,,,
2021,,adrian-brudny,WPA,Panthers Wroclaw,92.0,Adrian,Brudny,A. Brudny,DL,1.85,72.83,132.0,291.01,,,,,,,,,,,
2021,,damian-wesolowski,WPA,Panthers Wroclaw,93.0,Damian,Wesolowski,D. Wesolowski,DT,1.94,76.38,125.0,275.58,,,,,,,,,,,
2021,,szymon-grzebieniak,WPA,Panthers Wroclaw,95.0,Szymon,Grzebieniak,S. Grzebieniak,DL,1.94,76.38,110.0,242.51,,,,,,,,,,,
2021,,piotr-ostrowski,WPA,Panthers Wroclaw,96.0,Piotr,Ostrowski,P. Ostrowski,DE,1.91,75.2,115.0,253.53,,,,,,,,,,,
2021,,lukasz-gembara,WPA,Panthers Wroclaw,97.0,lukasz,Gembara,l. Gembara,DT,1.85,72.83,130.0,286.6,,,,,,,,,,,
2021,,mateusz-dymek,WPA,Panthers Wroclaw,98.0,Mateusz,Dymek,M. Dymek,DL,1.85,72.83,104.0,229.28,,,,,,,,,,,
2021,,robert-rosolek,WPA,Panthers Wroclaw,99.0,Robert,Rosolek,R. Rosolek,DE,1.92,75.59,103.0,227.08,,,,,,,,,,,
2021,,jacob-templar,LKG,Leipzig Kings,1.0,Jacob,Templar,J. Templar,P/WR,1.93,75.98,99.0,218.26,,,,,,,,,,,
2021,,anthony-dable-wolf,LKG,Leipzig Kings,11.0,Anthony,Dable-Wolf,A. Dable-Wolf,WR,1.94,76.38,97.0,213.85,,,,,,,,,,,
2021,,jaleel-awini,LKG,Leipzig Kings,12.0,Jaleel,Awini,J. Awini,WR/QB,1.92,75.59,95.0,209.44,,,,,,,,,,,
2021,,erich-kilger,LKG,Leipzig Kings,14.0,Erich,Kilger,E. Kilger,WR,1.8,70.87,94.0,207.23,,,,,,,,,,,
2021,,tom-van-duijn,LKG,Leipzig Kings,15.0,Tom,Van Duijn,T. Van Duijn,QB/K,1.93,75.98,105.0,231.49,,,,,,,,,,,
2021,,simon-braun,LKG,Leipzig Kings,17.0,Simon,Braun,S. Braun,WR,1.81,71.26,84.0,185.19,,,,,,,,,,,
2021,,marcel-ulbrich,LKG,Leipzig Kings,18.0,Marcel,Ulbrich,M. Ulbrich,K,1.85,72.83,89.0,196.21,,,,,,,,,,,
2021,,daniel-docal,LKG,Leipzig Kings,21.0,Daniel,Docal,D. Docal,DB,1.75,68.9,84.0,185.19,,,,,,,,,,,
2021,,jason-aguemon,LKG,Leipzig Kings,21.0,Jason,Aguemon,J. Aguemon,RB,1.79,70.47,93.0,205.03,,,,,,,,,,,
2021,,raymond-sobowale,LKG,Leipzig Kings,22.0,Raymond,Sobowale,R. Sobowale,RB,1.85,72.83,106.0,233.69,,,,,,,,,,,
2021,,moritz-herzel,LKG,Leipzig Kings,23.0,Moritz,Herzel,M. Herzel,RB,1.68,66.14,83.0,182.98,,,,,,,,,,,
2021,,luc-schneider,LKG,Leipzig Kings,24.0,Luc,Schneider,L. Schneider,RB,1.71,67.32,85.0,187.39,,,,,,,,,,,
2021,,anastassiadis-kiriakos,LKG,Leipzig Kings,25.0,Anastassiadis,Kiriakos,A. Kiriakos,DB,1.8,70.87,87.0,191.8,,,,,,,,,,,
2021,,florian-borger,LKG,Leipzig Kings,26.0,Florian,Borger,F. Borger,S,1.78,70.08,105.0,231.49,,,,,,,,,,,
2021,,tony-kulok,LKG,Leipzig Kings,27.0,Tony,Kulok,T. Kulok,RB,1.81,71.26,84.0,185.19,,,,,,,,,,,
2021,,jonathan-dietze,LKG,Leipzig Kings,28.0,Jonathan,Dietze,J. Dietze,S,1.74,68.5,80.0,176.37,,,,,,,,,,,
2021,,michael-birdsong,LKG,Leipzig Kings,3.0,Michael,Birdsong,M. Birdsong,QB,1.95,76.77,105.0,231.49,,,,,,,,,,,
2021,,tristan-csiza,LKG,Leipzig Kings,30.0,Tristan,Csiza,T. Csiza,DB,1.8,70.87,85.0,187.39,,,,,,,,,,,
2021,,lion-deckwarth,LKG,Leipzig Kings,32.0,Lion,Deckwarth,L. Deckwarth,ILB,1.87,73.62,100.0,220.46,,,,,,,,,,,
2021,,paul-meissner,LKG,Leipzig Kings,33.0,Paul,Meißner,P. Meißner,S,1.85,72.83,100.0,220.46,,,,,,,,,,,
2021,,dominik-wunsche,LKG,Leipzig Kings,34.0,Dominik,Wünsche,D. Wünsche,CB,1.92,75.59,89.0,196.21,,,,,,,,,,,
2021,,lukas-rebensdorf,LKG,Leipzig Kings,35.0,Lukas,Rebensdorf,L. Rebensdorf,DB,1.88,74.02,87.0,191.8,,,,,,,,,,,
2021,,olav-rohnebaek,LKG,Leipzig Kings,40.0,Olav,Røhnebæk,O. Røhnebæk,ILB,1.92,75.59,90.0,198.42,,,,,,,,,,,
2021,,philipp-mingerzahn,LKG,Leipzig Kings,42.0,Philipp,Mingerzahn,P. Mingerzahn,DL/LB,1.85,72.83,97.0,213.85,,,,,,,,,,,
2021,,kyle-kitchens,LKG,Leipzig Kings,45.0,Kyle ,Kitchens,K. Kitchens,DE,1.88,74.02,118.0,260.15,,,,,,,,,,,
2021,,maximilian-fitz,LKG,Leipzig Kings,47.0,Maximilian,Fitz,M. Fitz,ILB,1.93,75.98,100.0,220.46,,,,,,,,,,,
2021,,moritz-graul,LKG,Leipzig Kings,47.0,Moritz,Graul,M. Graul,CB,1.87,73.62,90.0,198.42,,,,,,,,,,,
2021,,luca-lampe,LKG,Leipzig Kings,48.0,Luca,Lampe,L. Lampe,LB,1.93,75.98,95.0,209.44,,,,,,,,,,,
2021,,jonas-schultes,LKG,Leipzig Kings,50.0,Jonas ,Schultes,J. Schultes,ILB,1.9,74.8,110.0,242.51,,,,,,,,,,,
2021,,max-bruder,LKG,Leipzig Kings,51.0,Max,Bruder,M. Bruder,OL,2.13,83.86,148.0,326.28,,,,,,,,,,,
2021,,mirko-parnow,LKG,Leipzig Kings,51.0,Mirko,Parnow,M. Parnow,LB,1.77,69.69,93.0,205.03,,,,,,,,,,,
2021,,chris-schlack,LKG,Leipzig Kings,52.0,Chris,Schlack,C. Schlack,LB,1.78,70.08,90.0,198.42,,,,,,,,,,,
2021,,pascal-topolewski,LKG,Leipzig Kings,53.0,Pascal,Topolewski,P. Topolewski,ILB,1.79,70.47,92.0,202.83,,,,,,,,,,,
2021,,martin-strauss,LKG,Leipzig Kings,54.0,Martin,Strauß,M. Strauß,ILB,1.85,72.83,104.0,229.28,,,,,,,,,,,
2021,,lance-leota,LKG,Leipzig Kings,56.0,Lance,Leota,L. Leota,DT,1.85,72.83,140.0,308.65,,,,,,,,,,,
2021,7919719b-2a28-4796-bfb9-ee4c47c42f27,roedion-henrique,LKG,Leipzig Kings,6.0,Roedion,Henrique,R. Henrique,CB,1.89,74.41,89.0,196.21,,,,,,,,,,,
2021,,timothy-knuettel,LKG,Leipzig Kings,6.0,Timothy,Knüttel,T. Knüttel,WR,1.88,74.02,90.0,198.42,,,,,,,,,,,
2021,,benhwoll-tchiyoko,LKG,Leipzig Kings,7.0,Benhwoll,Tchiyoko,B. Tchiyoko,DB,1.85,72.83,86.0,189.6,,,,,,,,,,,
2021,e6635192-80d1-45e4-be84-dcbb3d3aa55d,jonas-hagerup,LKG,Leipzig Kings,70.0,Jonas,Hagerup,J. Hagerup,OL,200.0,7874.02,137.0,302.03,,,,,,,,,,,
2021,c73591b1-d20b-4547-a88e-d11153015fa9,shalom-baafi,LKG,Leipzig Kings,70.0,Shalom,Baafi,S. Baafi,OL,1.94,76.38,140.0,308.65,,,,,,,,,,,
2021,,florian-barthel,LKG,Leipzig Kings,71.0,Florian,Barthel,F. Barthel,OL,1.92,75.59,150.0,330.69,,,,,,,,,,,
2021,,tilman-brutsch,LKG,Leipzig Kings,74.0,Tilman,Brütsch,T. Brütsch,OL,1.89,74.41,140.0,308.65,,,,,,,,,,,
2021,,sven-hinrichs,LKG,Leipzig Kings,75.0,Sven,Hinrichs,S. Hinrichs,OL,1.95,76.77,155.0,341.72,,,,,,,,,,,
2021,,per-kristian-molberg,LKG,Leipzig Kings,76.0,Per Kristian,Molberg,P. Molberg,OL,1.98,77.95,135.0,297.62,,,,,,,,,,,
2021,,robert-kahlke,LKG,Leipzig Kings,77.0,Robert,Kahlke,R. Kahlke,OL,1.96,77.17,130.0,286.6,,,,,,,,,,,
2021,,christoph-schob,LKG,Leipzig Kings,78.0,Christoph,Schob,C. Schob,OL,1.95,76.77,140.0,308.65,,,,,,,,,,,
2021,,viktor-wiederspahn,LKG,Leipzig Kings,79.0,Viktor,Wiederspahn,V. Wiederspahn,OL/LS,1.8,70.87,120.0,264.55,,,,,,,,,,,
2021,,alpha-jalloh,LKG,Leipzig Kings,8.0,Alpha,Jalloh,A. Jalloh,WR,1.88,74.02,90.0,198.42,,,,,,,,,,,
2021,8f049042-8daf-4199-a565-78015c0c8fef,michael-bausch,LKG,Leipzig Kings,8.0,Michael,Bausch,M. Bausch,ILB,1.85,72.83,90.0,198.42,,,,,,,,,,,
2021,,markus-riedel,LKG,Leipzig Kings,80.0,Markus,Riedel,M. Riedel,WR,1.81,71.26,85.0,187.39,,,,,,,,,,,
2021,,antonio-fischer,LKG,Leipzig Kings,81.0,Antonio,Fischer,A. Fischer,WR,1.81,71.26,90.0,198.42,,,,,,,,,,,
2021,,nils-baeumer,LKG,Leipzig Kings,81.0,Nils,Bäumer,N. Bäumer,WR,1.85,72.83,86.0,189.6,,,,,,,,,,,
2021,,jeremy-lang,LKG,Leipzig Kings,82.0,Jeremy,Lang,J. Lang,WR,1.9,74.8,90.0,198.42,,,,,,,,,,,
2021,,jonas-breme,LKG,Leipzig Kings,83.0,Jonas,Breme,J. Breme,WR,1.76,69.29,86.0,189.6,,,,,,,,,,,
2021,,joshua-lang,LKG,Leipzig Kings,83.0,Joshua,Lang,J. Lang,WR,1.85,72.83,82.0,180.78,,,,,,,,,,,
2021,,omi-yoshihito,LKG,Leipzig Kings,84.0,Omi,Yoshihito,O. Yoshihito,WR,1.81,71.26,84.0,185.19,,,,,,,,,,,
2021,,anton-doroshev,LKG,Leipzig Kings,85.0,Anton,Doroshev,A. Doroshev,TE,1.88,74.02,108.0,238.1,,,,,,,,,,,
2021,,lukas-birkel,LKG,Leipzig Kings,85.0,Lukas,Birkel,L. Birkel,WR,1.85,72.83,85.0,187.39,,,,,,,,,,,
2021,,felix-spliteser,LKG,Leipzig Kings,89.0,Felix,Spliteser,F. Spliteser,WR,1.98,77.95,95.0,209.44,,,,,,,,,,,
2021,,daniel-thiele,LKG,Leipzig Kings,90.0,Daniel,Thiele,D. Thiele,DT,1.96,77.17,140.0,308.65,,,,,,,,,,,
2021,,steven-kuhne,LKG,Leipzig Kings,90.0,Steven,Kühne,S. Kühne,DL,1.91,75.2,140.0,308.65,,,,,,,,,,,
2021,,dustin-dennerlein,LKG,Leipzig Kings,91.0,Dustin,Dennerlein,D. Dennerlein,DL/LS,1.87,73.62,118.0,260.15,,,,,,,,,,,
2021,de902b04-8d6b-4fe1-821b-9ac0d12b1683,aslan-zetterberg,LKG,Leipzig Kings,92.0,Aslan,Zetterberg,A. Zetterberg,DT,1.83,72.05,130.0,286.6,,,,,,,,,,,
2021,,christopher-hans,LKG,Leipzig Kings,93.0,Christopher,Hans,C. Hans,DE,1.87,73.62,120.0,264.55,,,,,,,,,,,
2021,29b9c6d9-dbbe-4c6e-b9a5-d2b6faafebcc,vincent-buffet,LKG,Leipzig Kings,99.0,Vincent,Buffet,V. Buffet,DE,1.89,74.41,125.0,275.58,,,,,,,,,,,
2021,,salieu-ceesay,HSD,Hamburg Sea Devils,1.0,Salieu,Ceesay,S. Ceesay,QB,1.94,76.38,92.0,202.83,,,,,,,,,,,
2021,36cba73d-f9c5-40f5-b095-6e68f4afb691,jean-claude-madin-cerezo,HSD,Hamburg Sea Devils,10.0,Jean-Claude,Madin Cerezo,J. Madin Cerezo,WR,1.86,73.23,95.0,209.44,,,,,,,,,,,
2021,,benjamin-mau,HSD,Hamburg Sea Devils,11.0,Benjamin,Mau,B. Mau,WR,2.01,79.13,104.0,229.28,,,,,,,,,,,
2021,,tim-albrecht,HSD,Hamburg Sea Devils,13.0,Tim,Albrecht,T. Albrecht,WR,1.87,73.62,93.0,205.03,,,,,,,,,,,
2021,,dominic-grone,HSD,Hamburg Sea Devils,14.0,Dominic,Grone,D. Grone,WR/K/P,1.86,73.23,95.0,209.44,,,,,,,,,,,
2021,,julian-volling,HSD,Hamburg Sea Devils,15.0,Julian,Volling,J. Volling,WR,1.83,72.05,86.0,189.6,,,,,,,,,,,
2021,7dfc9a2e-809e-460b-bba7-e838ef2b3d8c,leon-kusterer,HSD,Hamburg Sea Devils,16.0,Leon,Kusterer,L. Kusterer,WR,1.8,70.87,80.0,176.37,,,,,,,,,,,
2021,,jadrian-clark,HSD,Hamburg Sea Devils,18.0,Jadrian,Clark,J. Clark,QB,1.9,74.8,95.0,209.44,,,,,,,,,,,
2021,,johosaphat-kendrick-danso,HSD,Hamburg Sea Devils,18.0,Johosaphat Kendrick,Danso,J. Danso,S,1.86,73.23,87.0,191.8,,,,,,,,,,,
2021,,nassim-amroun,HSD,Hamburg Sea Devils,19.0,Nassim,Amroun,N. Amroun,WR,1.86,73.23,81.0,178.57,,,,,,,,,,,
2021,fc471828-e026-4b80-b757-db7811024086,tobias-nill,HSD,Hamburg Sea Devils,2.0,Tobias,Nill,T. Nill,WR,1.78,70.08,92.0,202.83,,,,,,,,,,,
2021,,vincent-wilson-oberko,HSD,Hamburg Sea Devils,21.0,Vincent,Wilson-Oberko,V. Wilson-Oberko,S,1.8,70.87,82.0,180.78,,,,,,,,,,,
2021,,aleksandr-astahin,HSD,Hamburg Sea Devils,22.0,Aleksandr,Astahin,A. Astahin,S,1.71,67.32,87.0,191.8,,,,,,,,,,,
2021,,justin-rogers,HSD,Hamburg Sea Devils,23.0,Justin,Rogers,J. Rogers,CB,1.8,70.87,85.0,187.39,,,,,,,,,,,
2021,,xavier-jerome-johnson,HSD,Hamburg Sea Devils,24.0,Xavier Jerome,Johnson,X. Johnson,RB,1.78,70.08,86.0,189.6,,,,,,,,,,,
2021,,curtis-slater,HSD,Hamburg Sea Devils,25.0,Curtis,Slater,C. Slater,DB,1.75,68.9,83.0,182.98,,,,,,,,,,,
2021,aedffcb8-5d13-4b9b-8c6d-5003225ac6e9,simon-homadi,HSD,Hamburg Sea Devils,26.0,Simon,Homadi,S. Homadi,RB,1.84,72.44,90.0,198.42,,,,,,,,,,,
2021,,louis-muller,HSD,Hamburg Sea Devils,27.0,Louis,Müller,L. Müller,CB,1.77,69.69,88.0,194.01,,,,,,,,,,,
2021,,barry-maruschke,HSD,Hamburg Sea Devils,28.0,Barry,Maruschke,B. Maruschke,CB,1.84,72.44,89.0,196.21,,,,,,,,,,,
2021,,dominic-yaw-aboagye-duah,HSD,Hamburg Sea Devils,29.0,Dominic Yaw,Aboagye-Duah,D. Aboagye-Duah,DB,1.86,73.23,,,,,,,,,,,,,
2021,,miguel-alessandro-boock,HSD,Hamburg Sea Devils,3.0,Miguel Alessandro,Boock,M. Boock,ILB,1.81,71.26,88.0,194.01,,,,,,,,,,,
2021,,johann-gisli-hummel,HSD,Hamburg Sea Devils,32.0,Johann Gisli,Hummel,J. Hummel,RB,1.83,72.05,91.0,200.62,,,,,,,,,,,
2021,,eldert-terekuu,HSD,Hamburg Sea Devils,33.0,Eldert,Terekuu,E. Terekuu,CB,1.8,70.87,92.0,202.83,,,,,,,,,,,
2021,,kenneth-komlan-soussoukpo,HSD,Hamburg Sea Devils,33.0,Kenneth Komlan,Soussoukpo,K. Soussoukpo,DB,1.9,74.8,90.0,198.42,,,,,,,,,,,
2021,,julian-ampaw,HSD,Hamburg Sea Devils,34.0,Julian,Ampaw,J. Ampaw,RB,1.86,73.23,,,,,,,,,,,,,
2021,,jeffrey-juurlink,HSD,Hamburg Sea Devils,35.0,Jeffrey,Juurlink,J. Juurlink,DB,1.85,72.83,86.0,189.6,,,,,,,,,,,
2021,,phillip-friis-andersen,HSD,Hamburg Sea Devils,4.0,Phillip Friis,Andersen,P. Andersen,K/P,1.8,70.87,88.0,194.01,,,,,,,,,,,
2021,,matthias-spiegel,HSD,Hamburg Sea Devils,40.0,Matthias,Spiegel,M. Spiegel,ILB,1.8,70.87,95.0,209.44,,,,,,,,,,,
2021,,jonas-tykfer,HSD,Hamburg Sea Devils,42.0,Jonas,Tykfer,J. Tykfer,LB,1.9,74.8,100.0,220.46,,,,,,,,,,,
2021,,john-levi-kruse,HSD,Hamburg Sea Devils,44.0,John Levi,Kruse,J. Kruse,TE,1.94,76.38,110.0,242.51,,,,,,,,,,,
2021,0c2581af-17fc-4132-94ea-f4d56c5a1171,jeremy-sarfo,HSD,Hamburg Sea Devils,45.0,Jeremy,Sarfo,J. Sarfo,FB,1.8,70.87,107.0,235.89,,,,,,,,,,,
2021,,daniel-rotermel,HSD,Hamburg Sea Devils,46.0,Daniel,Rotärmel,D. Rotärmel,LB,1.94,76.38,110.0,242.51,,,,,,,,,,,
2021,,paco-ufuk-varol,HSD,Hamburg Sea Devils,47.0,Paco (Ufuk),Varol,P. Varol,LB,1.9,74.8,,,,,,,,,,,,,
2021,,tobias-kolb,HSD,Hamburg Sea Devils,48.0,Tobias,Kolb,T. Kolb,FB,1.82,71.65,112.0,246.92,,,,,,,,,,,
2021,,sedwon-kaya,HSD,Hamburg Sea Devils,49.0,Sedwon,Kaya,S. Kaya,LB,1.9,74.8,93.0,205.03,,,,,,,,,,,
2021,fe60370c-e1eb-4028-a929-5d3846982a79,jan-phillip-bombek,HSD,Hamburg Sea Devils,5.0,Jan-Phillip,Bombek,J. Bombek,OLB,1.93,75.98,110.0,242.51,,,,,,,,,,,
2021,,joshua-petersen,HSD,Hamburg Sea Devils,5.0,Joshua,Petersen,J. Petersen,QB,1.96,77.17,100.0,220.46,,,,,,,,,,,
2021,,gian-de-guzman,HSD,Hamburg Sea Devils,51.0,Gian,De Guzman,G. De Guzman,OL,1.81,71.26,130.0,286.6,,,,,,,,,,,
2021,,ambroise-mati,HSD,Hamburg Sea Devils,52.0,Ambroise,Mati,A. Mati,OLB,1.83,72.05,97.0,213.85,,,,,,,,,,,
2021,,filip-liberio-filipovic,HSD,Hamburg Sea Devils,53.0,Filip-Liberio,Filipovic,F. Filipovic,DL,1.9,74.8,115.0,253.53,,,,,,,,,,,
2021,03109e04-5704-4902-b08b-fafb24188c75,thiago-lessow,HSD,Hamburg Sea Devils,54.0,Thiago,Lessow,T. Lessow,OLB,1.87,73.62,95.0,209.44,,,,,,,,,,,
2021,,okan-guzel,HSD,Hamburg Sea Devils,55.0,Okan,Güzel,O. Güzel,DE,1.87,73.62,115.0,253.53,,,,,,,,,,,
2021,,giovanni-nanguy,HSD,Hamburg Sea Devils,56.0,Giovanni,Nanguy,G. Nanguy,OLB,1.92,75.59,105.0,231.49,,,,,,,,,,,
2021,,daniel-laporte,HSD,Hamburg Sea Devils,57.0,Daniel,Laporte,D. Laporte,ILB,1.85,72.83,97.0,213.85,,,,,,,,,,,
2021,,eric-de-souza,HSD,Hamburg Sea Devils,62.0,Eric,De Souza,E. De Souza,DT,1.97,77.56,140.0,308.65,,,,,,,,,,,
2021,,ron-mac-spiegel,HSD,Hamburg Sea Devils,65.0,Ron Mac,Spiegel,R. Spiegel,OL,2.0,78.74,155.0,341.72,,,,,,,,,,,
2021,38100a81-9f0e-4876-90aa-2f02fa5ff30b,keanu-ebanks,HSD,Hamburg Sea Devils,68.0,Keanu,Ebanks,K. Ebanks,OL,1.97,77.56,,,,,,,,,,,,,
2021,,david-weinstock,HSD,Hamburg Sea Devils,69.0,David,Weinstock,D. Weinstock,OL,1.86,73.23,127.0,279.99,,,,,,,,,,,
2021,,henning-knuth,HSD,Hamburg Sea Devils,70.0,Henning,Knuth,H. Knuth,OL,1.9,74.8,150.0,330.69,,,,,,,,,,,
2021,,oscar-sundqvist,HSD,Hamburg Sea Devils,70.0,Oscar,Sundqvist,O. Sundqvist,OL,,,,,,,,,,,,,,,
2021,,niklas-wiem,HSD,Hamburg Sea Devils,72.0,Niklas,Wiem,N. Wiem,OL,1.9,74.8,130.0,286.6,,,,,,,,,,,
2021,,dennis-kenzler,HSD,Hamburg Sea Devils,74.0,Dennis,Kenzler,D. Kenzler,OL,1.99,78.35,130.0,286.6,,,,,,,,,,,
2021,,brice-ulrich-tchouadje,HSD,Hamburg Sea Devils,75.0,Brice Ulrich,Tchouadje,B. Tchouadje,DT,1.8,70.87,123.0,271.17,,,,,,,,,,,
2021,,friedemann-peters,HSD,Hamburg Sea Devils,75.0,Friedemann,Peters,F. Peters,OL,1.96,77.17,140.0,308.65,,,,,,,,,,,
2021,,timo-winter,HSD,Hamburg Sea Devils,76.0,Timo,Winter,T. Winter,OL,1.88,74.02,140.0,308.65,,,,,,,,,,,
2021,,robin-fensch,HSD,Hamburg Sea Devils,77.0,Robin,Fensch,R. Fensch,OL,1.94,76.38,130.0,286.6,,,,,,,,,,,
2021,,ilias-werner-maragos,HSD,Hamburg Sea Devils,78.0,Ilias Werner,Maragos,I. Maragos,OL,1.93,75.98,129.0,284.4,,,,,,,,,,,
2021,c72dfa2d-26fd-4645-b9e6-0d03ab3d8f28,adria-botella-moreno,HSD,Hamburg Sea Devils,8.0,Adria,Botella Moreno,A. Botella Moreno,TE,1.98,77.95,114.0,251.33,,,,,,,,,,,
2021,,diego-antonio-arboleda-sanchez,HSD,Hamburg Sea Devils,80.0,Diego Antonio,Arboleda Sanchez,D. Arboleda Sanchez,WR,2.0,78.74,104.0,229.28,,,,,,,,,,,
2021,,kwame-ofori,HSD,Hamburg Sea Devils,81.0,Kwame,Ofori,K. Ofori,WR,1.92,75.59,95.0,209.44,,,,,,,,,,,
2021,,maximilian-michael-donalies,HSD,Hamburg Sea Devils,85.0,Maximilian Michael,Donalies,M. Donalies,TE,2.0,78.74,113.0,249.12,,,,,,,,,,,
2021,,lukas-rehder,HSD,Hamburg Sea Devils,89.0,Lukas,Rehder,L. Rehder,WR,1.93,75.98,92.0,202.83,,,,,,,,,,,
2021,,marvin-amankwah,HSD,Hamburg Sea Devils,9.0,Marvin,Amankwah,M. Amankwah,TE,1.85,72.83,100.0,220.46,,,,,,,,,,,
2021,,andre-rieckenberg,HSD,Hamburg Sea Devils,90.0,André,Rieckenberg,A. Rieckenberg,DE,1.97,77.56,120.0,264.55,,,,,,,,,,,
2021,,kasim-edebali,HSD,Hamburg Sea Devils,91.0,Kasim,Edebali,K. Edebali,OLB,1.89,74.41,108.0,238.1,,,,,,,,,,,
2021,,alexander-babic,HSD,Hamburg Sea Devils,93.0,Alexander,Babic,A. Babic,DT,1.95,76.77,135.0,297.62,,,,,,,,,,,
2021,,berend-grube,HSD,Hamburg Sea Devils,94.0,Berend,Grube,B. Grube,DE,1.97,77.56,110.0,242.51,,,,,,,,,,,
2021,,evans-yeboah,HSD,Hamburg Sea Devils,95.0,Evans,Yeboah,E. Yeboah,DT,1.94,76.38,125.0,275.58,,,,,,,,,,,
2021,ca84fb0e-d69f-40e4-998f-d8493610642c,hiswill-awuah,HSD,Hamburg Sea Devils,98.0,Hiswill,Awuah,H. Awuah,DT,1.8,70.87,130.0,286.6,,,,,,,,,,,
2021,,nelson-imasuen,HSD,Hamburg Sea Devils,99.0,Nelson,Imasuen,N. Imasuen,DE,2.07,81.5,124.0,273.37,,,,,,,,,,,
2021,527d541a-5b30-44b8-a6ed-b17129aa2f4b,anthony-mahoungou,FGY,Frankfurt Galaxy,11.0,Anthony,Mahoungou,A. Mahoungou,WR,1.93,75.98,96.0,211.64,,,,,,,,,,,
2021,750b6928-96f8-412c-b6f0-f5ac0a629f5b,marvin-rutsch,FGY,Frankfurt Galaxy,13.0,Marvin,Rutsch,M. Rutsch,WR,1.8,70.87,82.0,180.78,,,,,,,,,,,
2021,e02be390-6af8-4ee0-b415-16ffd2f9f481,noah-bomba,FGY,Frankfurt Galaxy,13.0,Noah,Bomba,N. Bomba,WR,1.95,76.77,88.0,194.01,,,,,,,,,,,
2021,028655f3-92c8-4aff-a869-90f61ce59929,joshua-poznanski,FGY,Frankfurt Galaxy,14.0,Joshua,Poznanski,J. Poznanski,S,1.9,74.8,98.0,216.05,,,,,,,,,,,
2021,,max-siemssen,FGY,Frankfurt Galaxy,15.0,Max,Siemssen,M. Siemssen,WR,1.9,74.8,90.0,198.42,,,,,,,,,,,
2021,,nico-schon,FGY,Frankfurt Galaxy,17.0,Nico,Schon,N. Schon,WR,1.93,75.98,100.0,220.46,,,,,,,,,,,
2021,,fernando-lowery,FGY,Frankfurt Galaxy,18.0,Fernando,Lowery,F. Lowery,CB,1.8,70.87,89.0,196.21,,,,,,,,,,,
2021,e680de06-02ce-4fea-972a-2a8a18939de0,nico-strahmann,FGY,Frankfurt Galaxy,19.0,Nico,Strahmann,N. Strahmann,WR,1.8,70.87,83.0,182.98,,,,,,,,,,,
2021,ecc29164-a42d-4f11-9db4-713d8bfc11f2,gerald-ameln,FGY,Frankfurt Galaxy,20.0,Gerald,Ameln,G. Ameln,RB,1.8,70.87,88.0,194.01,,,,,,,,,,,
2021,,steffen-olschok,FGY,Frankfurt Galaxy,20.0,Steffen,Olschok,S. Olschok,DB,1.77,69.69,79.0,174.17,,,,,,,,,,,
2021,36e85a39-e0cf-4d8d-9cdc-7cdf6e4e97a8,gennadiy-adams,FGY,Frankfurt Galaxy,21.0,Gennadiy,Adams,G. Adams,RB,1.73,68.11,86.0,189.6,,,,,,,,,,,
2021,ce0ad077-6344-4e3f-8550-452ad4c2cfac,omari-williams,FGY,Frankfurt Galaxy,22.0,Omari,Williams,O. Williams,S,1.86,73.23,82.0,180.78,,,,,,,,,,,
2021,,desmond-cooper,FGY,Frankfurt Galaxy,23.0,Desmond,Cooper,D. Cooper,DB,1.92,75.59,100.0,220.46,,,,,,,,,,,
2021,,robin-maier,FGY,Frankfurt Galaxy,24.0,Robin,Maier,R. Maier,DB,1.8,70.87,83.0,182.98,,,,,,,,,,,
2021,,benjamin-barnes,FGY,Frankfurt Galaxy,25.0,Benjamin,Barnes,B. Barnes,WR,1.77,69.69,80.0,176.37,,,,,,,,,,,
2021,,marius-riepe,FGY,Frankfurt Galaxy,26.0,Marius,Riepe,M. Riepe,CB,1.82,71.65,91.0,200.62,,,,,,,,,,,
2021,,peter-devoe,FGY,Frankfurt Galaxy,26.0,Peter,Devoe,P. Devoe,DB,1.84,72.44,94.0,207.23,,,,,,,,,,,
2021,,florian-schneikert,FGY,Frankfurt Galaxy,27.0,Florian,Schneikert,F. Schneikert,RB,1.93,75.98,100.0,220.46,,,,,,,,,,,
2021,,simon-otto,FGY,Frankfurt Galaxy,28.0,Simon,Otto,S. Otto,CB,1.85,72.83,80.0,176.37,,,,,,,,,,,
2021,,falk-reuter,FGY,Frankfurt Galaxy,30.0,Falk,Reuter,F. Reuter,S,1.83,72.05,89.0,196.21,,,,,,,,,,,
2021,b2b8ea69-d3f6-4fd5-a72b-a67fa7ff2531,justin-rodney,FGY,Frankfurt Galaxy,33.0,Justin,Rodney,J. Rodney,RB,1.74,68.5,85.0,187.39,,,,,,,,,,,
2021,,myron-de-vane,FGY,Frankfurt Galaxy,36.0,Myron,De Vane,M. De Vane,DB,1.9,74.8,95.0,209.44,,,,,,,,,,,
2021,,hamudi-chehab,FGY,Frankfurt Galaxy,38.0,Hamudi,Chehab,H. Chehab,DB,1.8,70.87,73.0,160.94,,,,,,,,,,,
2021,,lukas-von-stumpfeldt,FGY,Frankfurt Galaxy,4.0,Lukas,von Stumpfeldt,L. von Stumpfeldt,QB,1.88,74.02,89.0,196.21,,,,,,,,,,,
2021,81ec2546-6c1f-44c0-a844-ff11fe982879,kadel-king,FGY,Frankfurt Galaxy,40.0,Kadel,King,K. King,LB,1.91,75.2,106.0,233.69,,,,,,,,,,,
2021,ea0d6239-d299-43bb-913a-af620c5d5e9f,sebastian-gauthier,FGY,Frankfurt Galaxy,41.0,Sebastian,Gauthier,S. Gauthier,OLB,1.83,72.05,95.0,209.44,,,,,,,,,,,
2021,,max-ebsen,FGY,Frankfurt Galaxy,42.0,Max,Ebsen,M. Ebsen,WR/K,1.8,70.87,95.0,209.44,,,,,,,,,,,
2021,,jhonattan-silva-gomez,FGY,Frankfurt Galaxy,43.0,Jhonattan,Silva Gomez,J. Silva Gomez,LB,1.88,74.02,105.0,231.49,,,,,,,,,,,
2021,,precious-ogbevoen,FGY,Frankfurt Galaxy,43.0,Precious (Osaruonamen) ,Ogbevoen,P. Ogbevoen,ILB,1.8,70.87,112.0,246.92,,,,,,,,,,,
2021,,mark-gorelik,FGY,Frankfurt Galaxy,44.0,Mark,Gorelik,M. Gorelik,LB,1.82,71.65,90.0,198.42,,,,,,,,,,,
2021,,max-schmidt,FGY,Frankfurt Galaxy,45.0,Max,Schmidt,M. Schmidt,FB,1.83,72.05,100.0,220.46,,,,,,,,,,,
2021,,joshua-sauren,FGY,Frankfurt Galaxy,47.0,Joshua,Sauren,J. Sauren,LB,1.88,74.02,100.0,220.46,,,,,,,,,,,
2021,,long-hoang,FGY,Frankfurt Galaxy,49.0,Long,Hoang,L. Hoang,LB,1.74,68.5,85.0,187.39,,,,,,,,,,,
2021,,moritz-johannknecht,FGY,Frankfurt Galaxy,5.0,Moritz,Johannknecht,M. Johannknecht,QB,1.88,74.02,91.0,200.62,,,,,,,,,,,
2021,,darnell-minton,FGY,Frankfurt Galaxy,52.0,Darnell,Minton,D. Minton,OL,2.01,79.13,125.0,275.58,,,,,,,,,,,
2021,3ffcb897-3514-4d29-9b59-a478245b103f,daniel-josiah,FGY,Frankfurt Galaxy,53.0,Daniel,Josiah,D. Josiah,ILB,1.83,72.05,95.0,209.44,,,,,,,,,,,
2021,dfb3124b-f59b-44cc-ad8a-662a346e9333,mamadou-sy,FGY,Frankfurt Galaxy,55.0,Mamadou,Sy,M. Sy,DT,1.96,77.17,130.0,286.6,,,,,,,,,,,
2021,,ville-valasti,FGY,Frankfurt Galaxy,55.0,Ville,Valasti,V. Valasti,DL,1.95,76.77,115.0,253.53,,,,,,,,,,,
2021,,sebastian-silva-gomez,FGY,Frankfurt Galaxy,56.0,Sebastian,Silva Gomez,S. Silva Gomez,OLB,1.9,74.8,98.0,216.05,,,,,,,,,,,
2021,,maximillian-krauss,FGY,Frankfurt Galaxy,57.0,Maximilian,Krauss,M. Krauss,ILB,1.86,73.23,105.0,231.49,,,,,,,,,,,
2021,,pascal-abt,FGY,Frankfurt Galaxy,58.0,Pascal,Abt,P. Abt,OL,1.84,72.44,140.0,308.65,,,,,,,,,,,
2021,,rudolf-warkentin,FGY,Frankfurt Galaxy,59.0,Rudolf,Warkentin,R. Warkentin,LB,1.8,70.87,100.0,220.46,,,,,,,,,,,
2021,,lars-hampel,FGY,Frankfurt Galaxy,61.0,Lars,Hampel,L. Hampel,OL,1.84,72.44,145.0,319.67,,,,,,,,,,,
2021,,lucas-hebel,FGY,Frankfurt Galaxy,62.0,Luca,Hebel,L. Hebel,OL,1.93,75.98,145.0,319.67,,,,,,,,,,,
2021,,nicolas-werle,FGY,Frankfurt Galaxy,63.0,Nicolas,Werle,N. Werle,DL,1.97,77.56,135.0,297.62,,,,,,,,,,,
2021,,joachim-bachmann,FGY,Frankfurt Galaxy,69.0,Joachim,Bachmann,J. Bachmann,DL,1.98,77.95,157.0,346.13,,,,,,,,,,,
2021,,jakeb-sullivan,FGY,Frankfurt Galaxy,7.0,Jakeb,Sullivan,J. Sullivan,QB,1.85,72.83,88.0,194.01,,,,,,,,,,,
2021,,moritz-schmidt,FGY,Frankfurt Galaxy,70.0,Moritz,Schmidt,M. Schmidt,OL,1.85,72.83,116.0,255.74,,,,,,,,,,,
2021,a1fa2e06-bad9-492f-9f30-a1eac7463e47,frank-atunlese,FGY,Frankfurt Galaxy,71.0,Frank,Atunlese,F. Atunlese,OL,1.92,75.59,142.0,313.06,,,,,,,,,,,
2021,,jan-hendrik-hoffmeyer,FGY,Frankfurt Galaxy,73.0,Jan-Hendrik,Hoffmeyer,J. Hoffmeyer,OL,2.08,81.89,142.0,313.06,,,,,,,,,,,
2021,,marko-vidovic,FGY,Frankfurt Galaxy,73.0,Marko,Vidovic,M. Vidovic,OL,2.02,79.53,130.0,286.6,,,,,,,,,,,
2021,,sven-fischer,FGY,Frankfurt Galaxy,74.0,Sven,Fischer,S. Fischer,OL,1.91,75.2,140.0,308.65,,,,,,,,,,,
2021,822d6e2f-0044-45ec-9460-c0c8a81aa2af,joachim-christensen,FGY,Frankfurt Galaxy,75.0,Joachim,Christensen,J. Christensen,OL,1.95,76.77,140.0,308.65,,,,,,,,,,,
2021,,nils-hampel,FGY,Frankfurt Galaxy,76.0,Nils,Hampel,N. Hampel,OL,1.91,75.2,130.0,286.6,,,,,,,,,,,
2021,55753094-e61b-4bf8-b8c8-735e214c4941,yannic-kiehl,FGY,Frankfurt Galaxy,77.0,Yannic,Kiehl,Y. Kiehl,OL,2.02,79.53,130.0,286.6,,,,,,,,,,,
2021,,hendrik-schwarz,FGY,Frankfurt Galaxy,82.0,Hendrik,Schwarz,H. Schwarz,WR,1.9,74.8,90.0,198.42,,,,,,,,,,,
2021,,luca-sack,FGY,Frankfurt Galaxy,83.0,Luca,Sack,L. Sack,WR,1.8,70.87,82.0,180.78,,,,,,,,,,,
2021,4db7390f-fab1-4eee-b288-696eaec5f4f2,cheikhou-sow,FGY,Frankfurt Galaxy,84.0,Cheikhou,Sow,C. Sow,WR,1.76,69.29,80.0,176.37,,,,,,,,,,,
2021,,markus-hachenberg,FGY,Frankfurt Galaxy,85.0,Markus,Hachenberg,M. Hachenberg,WR,1.91,75.2,101.0,222.67,,,,,,,,,,,
2021,,lorenz-regler,FGY,Frankfurt Galaxy,86.0,Lorenz,Regler,L. Regler,WR,1.95,76.77,85.0,187.39,,,,,,,,,,,
2021,a79f7bd9-8b45-4206-b9ac-86fd920113c1,kevin-mwamba,FGY,Frankfurt Galaxy,87.0,Kevin,Mwamba,K. Mwamba,TE,1.87,73.62,118.0,260.15,,,,,,,,,,,
2021,,marc-anthony-hor,FGY,Frankfurt Galaxy,90.0,Marc Anthony,Hor,M. Hor,DT,1.87,73.62,130.0,286.6,,,,,,,,,,,
2021,,milan-misic,FGY,Frankfurt Galaxy,92.0,Milan,Mišic,M. Mišic,DL,1.88,74.02,117.0,257.94,,,,,,,,,,,
2021,,cedric-udegbe,FGY,Frankfurt Galaxy,94.0,Cedric,Udegbe,C. Udegbe,DE,1.92,75.59,112.0,246.92,,,,,,,,,,,
2021,,mete-konya,FGY,Frankfurt Galaxy,95.0,Mete,Konya,M. Konya,DT,1.83,72.05,117.0,257.94,,,,,,,,,,,
2021,,wayne-drew,FGY,Frankfurt Galaxy,97.0,Wayne,Drew,W. Drew,DL,1.88,74.02,110.0,242.51,,,,,,,,,,,
2021,,maximilian-loetz,FGY,Frankfurt Galaxy,98.0,Maximilian,Loetz,M. Loetz,DL,1.93,75.98,135.0,297.62,,,,,,,,,,,
2021,4262291c-5bd6-4f44-8c79-b26b7ab9ada0,kevin-maier,FGY,Frankfurt Galaxy,99.0,Kevin,Maier,K. Maier,DE,1.93,75.98,108.0,238.1,,,,,,,,,,,
2021,,mike-taylor-iii,CCE,Cologne Centurions,,Mike,Taylor III,M. Taylor III,DL,1.87,73.62,124.0,273.37,,,,,,,,,,,
2021,,quinten-pounds,CCE,Cologne Centurions,1.0,Quinten,Pounds,Q. Pounds,WR,1.82,71.65,82.0,180.78,,,,,,,,,,,
2021,0143db45-73da-4bfa-92b6-108f61115d58,justin-schlesinger,CCE,Cologne Centurions,10.0,Justin,Schlesinger,J. Schlesinger,WR,1.8,70.87,75.0,165.35,,,,,,,,,,,
2021,,noah-aarass,CCE,Cologne Centurions,11.0,Noah,Aarass,N. Aarass,WR,1.9,74.8,97.0,213.85,,,,,,,,,,,
2021,,jan-weinreich,CCE,Cologne Centurions,12.0,Jan,Weinreich,J. Weinreich,QB,1.93,75.98,93.0,205.03,,,,,,,,,,,
2021,,jannik-loercks,CCE,Cologne Centurions,13.0,Jannik,Lorcks,J. Lorcks,WR,1.83,72.05,83.0,182.98,,,,,,,,,,,
2021,,ramin-akhlaghi,CCE,Cologne Centurions,14.0,Ramin,Akhlaghi,R. Akhlaghi,WR,1.8,70.87,80.0,176.37,,,,,,,,,,,
2021,,rene-berres,CCE,Cologne Centurions,15.0,René,Berres,R. Berres,FB/TE,1.88,74.02,102.0,224.87,,,,,,,,,,,
2021,,kai-schiffer,CCE,Cologne Centurions,18.0,Kai,Schiffer,K. Schiffer,WR,1.9,74.8,93.0,205.03,,,,,,,,,,,
2021,,moritz-schnippe,CCE,Cologne Centurions,19.0,Moritz,Schnippe,M. Schnippe,WR,1.85,72.83,85.0,187.39,,,,,,,,,,,
2021,,waheed-bhikh,CCE,Cologne Centurions,19.0,Waheed,Bhikh,W. Bhikh,CB,1.83,72.05,83.0,182.98,,,,,,,,,,,
2021,,daniel-schuhmacher,CCE,Cologne Centurions,2.0,Daniel,Schuhmacher,D. Schuhmacher,K,1.89,74.41,89.0,196.21,,,,,,,,,,,
2021,,tufan-yagmur,CCE,Cologne Centurions,2.0,Tufan,Yagmur,T. Yagmur,ILB,1.8,70.87,98.0,216.05,,,,,,,,,,,
2021,,paul-steffen,CCE,Cologne Centurions,22.0,Paul,Steffen,P. Steffen,S,1.79,70.47,88.0,194.01,,,,,,,,,,,
2021,,dartez-jacobs,CCE,Cologne Centurions,24.0,Dartez,Jacobs,D. Jacobs,S,1.88,74.02,93.0,205.03,,,,,,,,,,,
2021,,andre-frisch,CCE,Cologne Centurions,26.0,Andre,Frisch,A. Frisch,RB,1.74,68.5,80.0,176.37,,,,,,,,,,,
2021,,madre-london,CCE,Cologne Centurions,28.0,Madre,London,M. London,RB,1.85,72.83,97.0,213.85,,,,,,,,,,,
2021,,rene-hanssen,CCE,Cologne Centurions,29.0,René,Hanßen,R. Hanßen,CB,1.8,70.87,84.0,185.19,,,,,,,,,,,
2021,,femi-durojaiye,CCE,Cologne Centurions,3.0,Femi,Durojaiye,F. Durojaiye,DB,1.8,70.87,80.0,176.37,,,,,,,,,,,
2021,,julian-volker,CCE,Cologne Centurions,3.0,Julian,Volker,J. Volker,DE,1.99,78.35,115.0,253.53,,,,,,,,,,,
2021,c9daf96a-fc48-4bf7-9f3e-149bdd5c6104,matthias-banjaqui,CCE,Cologne Centurions,30.0,Matthias,Banjaqui,M. Banjaqui,OLB,1.88,74.02,98.0,216.05,,,,,,,,,,,
2021,,dany-lamy,CCE,Cologne Centurions,31.0,Dany,Lamy,D. Lamy,CB,1.88,74.02,87.0,191.8,,,,,,,,,,,
2021,,dennis-laas,CCE,Cologne Centurions,34.0,Dennis,Laas,D. Laas,DB,1.88,74.02,94.0,207.23,,,,,,,,,,,
2021,,glody-ngovo,CCE,Cologne Centurions,4.0,Glody,Ngovo,G. Ngovo,RB,1.8,70.87,85.0,187.39,,,,,,,,,,,
2021,8e6028c5-2b5a-423b-8194-630ec0d292cb,jannik-seibel,CCE,Cologne Centurions,4.0,Jannik,Seibel,J. Seibel,CB,1.9,74.8,95.0,209.44,,,,,,,,,,,
2021,ed351141-2c2c-408b-9390-d2aa3e4f5bb4,patrick-poetsch,CCE,Cologne Centurions,43.0,Patrick,Poetsch,P. Poetsch,FB,1.8,70.87,124.0,273.37,,,,,,,,,,,
2021,a8f4fa47-dd3e-437b-aa02-9922c3490a6f,marius-kensy,CCE,Cologne Centurions,44.0,Marius,Kensy,M. Kensy,ILB,1.85,72.83,112.0,246.92,,,,,,,,,,,
2021,,niklas-liesen,CCE,Cologne Centurions,47.0,Niklas,Liesen,N. Liesen,ILB,1.84,72.44,106.0,233.69,,,,,,,,,,,
2021,,kasper-bongaerts,CCE,Cologne Centurions,48.0,Kasper,Bongaerts,K. Bongaerts,LB,1.83,72.05,90.0,198.42,,,,,,,,,,,
2021,,alberto-coq-huelva,CCE,Cologne Centurions,49.0,Alberto,Coq Huelva,A. Coq Huelva,LB,1.85,72.83,96.0,211.64,,,,,,,,,,,
2021,,paul-kavadia-lenhardt,CCE,Cologne Centurions,5.0,Paul,Kavadia-Lenhardt,P. Kavadia-Lenhardt,WR,1.76,69.29,70.0,154.32,,,,,,,,,,,
2021,,alexander-boes,CCE,Cologne Centurions,52.0,Alexander,Boes,A. Boes,DT,1.9,74.8,120.0,264.55,,,,,,,,,,,
2021,,maximilian-oebels,CCE,Cologne Centurions,54.0,Maximilian,Oebels,M. Oebels,ILB,1.8,70.87,98.0,216.05,,,,,,,,,,,
2021,,firat-aybek,CCE,Cologne Centurions,56.0,Firat,Aybek,F. Aybek,OL,1.9,74.8,165.0,363.76,,,,,,,,,,,
2021,29f87bff-4f71-4ea2-8bad-615e3697e18f,lennart-weitz,CCE,Cologne Centurions,58.0,Lennart,Weitz,L. Weitz,OLB,1.8,70.87,95.0,209.44,,,,,,,,,,,
2021,,anton-glusancov,CCE,Cologne Centurions,59.0,Anton,Glusancov,A. Glusancov,OL,1.9,74.8,125.0,275.58,,,,,,,,,,,
2021,,benjamin-cerimagic,CCE,Cologne Centurions,6.0,Benjamin,Cerimagic,B. Cerimagic,DE,1.92,75.59,108.0,238.1,,,,,,,,,,,
2021,decf2fa6-d9df-4bcd-800c-daa499c22498,jannik-nowak,CCE,Cologne Centurions,6.0,Jannik,Nowak,J. Nowak,QB,1.8,70.87,87.0,191.8,,,,,,,,,,,
2021,,malik-becker,CCE,Cologne Centurions,61.0,Malik,Becker,M. Becker,OL,1.78,70.08,135.0,297.62,,,,,,,,,,,
2021,be10b98b-95a2-44bb-8e19-fd7d20f12c13,nick-wiens,CCE,Cologne Centurions,68.0,Nick,Wiens,N. Wiens,OL,1.87,73.62,126.0,277.78,,,,,,,,,,,
2021,,hannes-darley,CCE,Cologne Centurions,69.0,Hannes,Darley,H. Darley,OL,1.93,75.98,112.0,246.92,,,,,,,,,,,
2021,,alexander-frisch,CCE,Cologne Centurions,7.0,Alexander,Frisch,A. Frisch,QB,1.95,76.77,93.0,205.03,,,,,,,,,,,
2021,,daniel-farley,CCE,Cologne Centurions,7.0,Daniel,Farley,D. Farley,QB,1.88,74.02,91.0,200.62,,,,,,,,,,,
2021,14b107bf-4e2f-4a4f-ab9d-f1a3462a6fdd,till-janssen,CCE,Cologne Centurions,7.0,Till,Janssen,T. Janssen,CB,1.9,74.8,87.0,191.8,,,,,,,,,,,
2021,,florian-kallwitz,CCE,Cologne Centurions,71.0,Florian,Kallwitz,F. Kallwitz,OL,1.87,73.62,135.0,297.62,,,,,,,,,,,
2021,,tom-maier,CCE,Cologne Centurions,72.0,Tom,Maier,T. Maier,OL,2.01,79.13,122.0,268.96,,,,,,,,,,,
2021,,fabian-kratz,CCE,Cologne Centurions,73.0,Fabian,Kratz,F. Kratz,OL,1.97,77.56,110.0,242.51,,,,,,,,,,,
2021,,niklas-meiworm,CCE,Cologne Centurions,76.0,Niklas,Meiworm,N. Meiworm,OL,1.96,77.17,147.0,324.08,,,,,,,,,,,
2021,,frederick-weinreich,CCE,Cologne Centurions,78.0,Frederick,Weinreich,F. Weinreich,OL,1.85,72.83,125.0,275.58,,,,,,,,,,,
2021,,jan-niclas-dalbeck,CCE,Cologne Centurions,79.0,Jan-Niclas,Dalbeck,J. Dalbeck,OL,2.01,79.13,137.0,302.03,,,,,,,,,,,
2021,,valentin-rodiger,CCE,Cologne Centurions,81.0,Valentin,Rodiger,V. Rodiger,WR,1.8,70.87,81.0,178.57,,,,,,,,,,,
2021,00f4a04d-1969-4cc8-9b39-78bb5f4388d5,michael-ofosuhene,CCE,Cologne Centurions,85.0,Michael,Ofosuhene,M. Ofosuhene,WR,1.81,71.26,88.0,194.01,,,,,,,,,,,
2021,,leroy-stryewski,CCE,Cologne Centurions,86.0,LeRoy,Stryewski,L. Stryewski,TE,1.95,76.77,105.0,231.49,,,,,,,,,,,
2021,,florian-eichhorn,CCE,Cologne Centurions,87.0,Florian,Eichhorn,F. Eichhorn,TE,1.89,74.41,106.0,233.69,,,,,,,,,,,
2021,,christopher-ezeala,CCE,Cologne Centurions,9.0,Christopher,Ezeala,C. Ezeala,RB,1.83,72.05,109.0,240.3,,,,,,,,,,,
2021,44ad293d-7050-4146-b7a3-e94ba77177d9,richard-grooten,CCE,Cologne Centurions,9.0,Richard,Grooten,R. Grooten,S,1.77,69.69,82.0,180.78,,,,,,,,,,,
2021,,sydney-amadu,CCE,Cologne Centurions,9.0,Sydney,Amadu,S. Amadu,ILB,1.85,72.83,113.0,249.12,,,,,,,,,,,
2021,,arkady-naus,CCE,Cologne Centurions,90.0,Arkady,Naus,A. Naus,DE,1.9,74.8,110.0,242.51,,,,,,,,,,,
2021,,roman-sellung,CCE,Cologne Centurions,91.0,Roman,Sellung,R. Sellung,DL,1.86,73.23,138.0,304.24,,,,,,,,,,,
2021,,ramy-mohamed,CCE,Cologne Centurions,92.0,Ramy,Mohamed,R. Mohamed,DL,1.9,74.8,105.0,231.49,,,,,,,,,,,
2021,,samuel-ziebarth,CCE,Cologne Centurions,93.0,Samuel,Ziebarth,S. Ziebarth,DT,,,,,,,,,,,,,,,
2021,,matz-peters,CCE,Cologne Centurions,96.0,Matz,Peters,M. Peters,DL,1.89,74.41,113.0,249.12,,,,,,,,,,,
2021,,junior-de-souza-briele,CCE,Cologne Centurions,99.0,Junior,De Souza Briele,J. De Souza Briele,DT,1.87,73.62,122.0,268.96,,,,,,,,,,,
2021,082f175f-939d-469d-a894-0bc9d9407b2b,jocques-crawford,BTH,Berlin Thunder,1.0,Jocques,Crawford,J. Crawford,RB,1.83,72.05,100.0,220.46,,,,,,,,,,,
2021,,simon-mayerhoff,BTH,Berlin Thunder,10.0,Simon,Mayerhoff,S. Mayerhoff,CB,1.77,69.69,88.0,194.01,,,,,,,,,,,
2021,,bryan-zerbe,BTH,Berlin Thunder,11.0,Bryan,Zerbe,B. Zerbe,WR,1.85,72.83,90.0,198.42,,,,,,,,,,,
2021,,alexander-karim-rushdy-stadahl,BTH,Berlin Thunder,12.0,Alexander Karim,Rushdy Stadahl,A. Rushdy Stadahl,CB,1.83,72.05,80.0,176.37,,,,,,,,,,,
2021,,daniel-weiswange,BTH,Berlin Thunder,12.0,Daniel,Weiswange,D. Weiswange,WR,1.7,66.93,82.0,180.78,,,,,,,,,,,
2021,,ashley-bailey,BTH,Berlin Thunder,13.0,Ashley,Bailey,A. Bailey,QB,1.85,72.83,85.0,187.39,,,,,,,,,,,
2021,,yannis-binner,BTH,Berlin Thunder,13.0,Yannis,Binner,Y. Binner,TE,1.92,75.59,95.0,209.44,,,,,,,,,,,
2021,,kevin-hummel,BTH,Berlin Thunder,14.0,Kevin,Hummel,K. Hummel,OLB,1.78,70.08,99.0,218.26,,,,,,,,,,,
2021,,luis-muller-atzerodt,BTH,Berlin Thunder,14.0,Luis,Müller Atzerodt,L. Müller Atzerodt,DB,1.81,71.26,77.0,169.76,,,,,,,,,,,
2021,dfae87c0-a159-4dc6-9717-6b33a9654146,moritz-thiele,BTH,Berlin Thunder,15.0,Moritz,Thiele,M. Thiele,CB,1.81,71.26,88.0,194.01,,,,,,,,,,,
2021,,louis-rieger,BTH,Berlin Thunder,16.0,Louis,Rieger,L. Rieger,DB,1.77,69.69,83.0,182.98,,,,,,,,,,,
2021,,andre-dickmeis,BTH,Berlin Thunder,17.0,Andre,Dickmeis,A. Dickmeis,WR,1.86,73.23,80.0,176.37,,,,,,,,,,,
2021,,emil-drossard,BTH,Berlin Thunder,17.0,Emil,Drossard,E. Drossard,WR,1.75,68.9,78.0,171.96,,,,,,,,,,,
2021,,leo-leeser,BTH,Berlin Thunder,18.0,Leo,Leeser,L. Leeser,DB,1.8,70.87,80.0,176.37,,,,,,,,,,,
2021,,phillip-ruffin,BTH,Berlin Thunder,19.0,Phillip,Ruffin,P. Ruffin,CB,1.87,73.62,86.0,189.6,,,,,,,,,,,
2021,,benedikt-assis,BTH,Berlin Thunder,2.0,Benedikt,Assis,B. Assis,ILB,1.87,73.62,101.0,222.67,,,,,,,,,,,
2021,,najim-hennig,BTH,Berlin Thunder,21.0,Najim,Hennig,N. Hennig,CB,1.78,70.08,81.0,178.57,,,,,,,,,,,
2021,,jason-eid,BTH,Berlin Thunder,23.0,Jason,Eid,J. Eid,CB,1.8,70.87,80.0,176.37,,,,,,,,,,,
2021,,kevin-meeder,BTH,Berlin Thunder,23.0,Kevin,Meeder,K. Meeder,DB,1.8,70.87,83.0,182.98,,,,,,,,,,,
2021,,paul-fischer,BTH,Berlin Thunder,23.0,Paul,Fischer,P. Fischer,CB,1.78,70.08,78.0,171.96,,,,,,,,,,,
2021,,maxime-de-falcis,BTH,Berlin Thunder,24.0,Maxime,De Falcis,M. De Falcis,S,1.83,72.05,93.0,205.03,,,,,,,,,,,
2021,,jonas-schenderlein,BTH,Berlin Thunder,26.0,Jonas,Schenderlein,J. Schenderlein,K,1.86,73.23,75.0,165.35,,,,,,,,,,,
2021,,arne-gehrt,BTH,Berlin Thunder,3.0,Arne,Gehrt,A. Gehrt,S,1.76,69.29,78.0,171.96,,,,,,,,,,,
2021,,thaddeus-schirmer,BTH,Berlin Thunder,30.0,Thaddeus,Schirmer,T. Schirmer,DB,1.84,72.44,85.0,187.39,,,,,,,,,,,
2021,b33209eb-350f-4f4f-ab7b-cf2915a72148,iiro-pekkarinen,BTH,Berlin Thunder,31.0,Iiro,Pekkarinen,I. Pekkarinen,CB,1.85,72.83,88.0,194.01,,,,,,,,,,,
2021,,jamaal-white,BTH,Berlin Thunder,31.0,Jamaal,White,J. White,S,1.87,73.62,90.0,198.42,,,,,,,,,,,
2021,,dominique-pfeffer,BTH,Berlin Thunder,32.0,Dominique,Pfeffer,D. Pfeffer,DB,1.75,68.9,83.0,182.98,,,,,,,,,,,
2021,,aaron-boadu,BTH,Berlin Thunder,4.0,Aaron,Boadu,A. Boadu,DE,1.95,76.77,125.0,275.58,,,,,,,,,,,
2021,49b898db-072b-48fa-9b05-ccdcfdc9e488,jeremy-sommerwerk,BTH,Berlin Thunder,40.0,Jeremy,Sommerwerk,J. Sommerwerk,ILB,1.75,68.9,105.0,231.49,,,,,,,,,,,
2021,34b61478-dec9-4180-bd74-610938128312,louis-achaintre,BTH,Berlin Thunder,40.0,Louis,Achaintre,L. Achaintre,ILB,1.88,74.02,100.0,220.46,,,,,,,,,,,
2021,,janis-lou-scharmer,BTH,Berlin Thunder,43.0,Janis Lou,Schmarmer,J. Schmarmer,FB,1.7,66.93,86.0,189.6,,,,,,,,,,,
2021,,marcel-steffen,BTH,Berlin Thunder,44.0,Marcel,Steffen,M. Steffen,DE,1.87,73.62,100.0,220.46,,,,,,,,,,,
2021,,kolin-hill,BTH,Berlin Thunder,45.0,Kolin,Hill,K. Hill,DE,1.93,75.98,117.0,257.94,,,,,,,,,,,
2021,,yannic-landfried,BTH,Berlin Thunder,47.0,Yannic,Landfried,Y. Landfried,RB,1.88,74.02,112.0,246.92,,,,,,,,,,,
2021,,falco-paris,BTH,Berlin Thunder,48.0,Falco,Paris,F. Paris,DE,1.89,74.41,112.0,246.92,,,,,,,,,,,
2021,51ce2f3f-d14e-4147-904b-72aec24a8f06,hamsa-el-zein,BTH,Berlin Thunder,50.0,Hamsa,El-Zein,H. El-Zein,DT,1.88,74.02,140.0,308.65,,,,,,,,,,,
2021,a1309dc1-f645-47c5-9ee6-039e85cc8dee,wael-nasri,BTH,Berlin Thunder,52.0,Wael,Nasri,W. Nasri,ILB,1.8,70.87,105.0,231.49,,,,,,,,,,,
2021,,deon-mutsvanemoto,BTH,Berlin Thunder,55.0,Deon,Mutsvanemoto,D. Mutsvanemoto,OL,1.9,74.8,140.0,308.65,,,,,,,,,,,
2021,,matan-lockitch,BTH,Berlin Thunder,57.0,Matan,Lockitch,M. Lockitch,OL,1.78,70.08,116.0,255.74,,,,,,,,,,,
2021,,calvin-stitt,BTH,Berlin Thunder,6.0,Calvin,Stitt,C. Stitt,QB,1.8,70.87,,,,,,,,,,,,,
2021,,pollys-junio-sacramento,BTH,Berlin Thunder,68.0,Pollys Junio,Sacramento,P. Sacramento,OL,1.93,75.98,135.0,297.62,,,,,,,,,,,
2021,,jannik-werblow,BTH,Berlin Thunder,69.0,Jannik,Werblow,J. Werblow,OL,1.97,77.56,130.0,286.6,,,,,,,,,,,
2021,,seantarius-jones,BTH,Berlin Thunder,7.0,Seantavius,Jones,S. Jones,WR,1.93,75.98,95.0,209.44,,,,,,,,,,,
2021,2d59a089-2015-441e-aed5-633ff9a36da9,gideon-grabert,BTH,Berlin Thunder,71.0,Gideon,Grabert,G. Grabert,OL,1.91,75.2,138.0,304.24,,,,,,,,,,,
2021,,marcel-camenz,BTH,Berlin Thunder,73.0,Marcel,Camenz,M. Camenz,OL,1.8,70.87,137.0,302.03,,,,,,,,,,,
2021,,florian-gerlach,BTH,Berlin Thunder,76.0,Florian,Gerlach,F. Gerlach,OL,2.0,78.74,130.0,286.6,,,,,,,,,,,
2021,,max-bahr,BTH,Berlin Thunder,77.0,Max,Bähr,M. Bähr,OL,1.88,74.02,114.0,251.33,,,,,,,,,,,
2021,4125a2c3-5a19-4746-ac5a-cdba1c33edf5,otavio-amorim,BTH,Berlin Thunder,77.0,Otavio,Amorim,O. Amorim,OL,1.91,75.2,130.0,286.6,,,,,,,,,,,
2021,,lane-acheompong,BTH,Berlin Thunder,78.0,Lane,Acheompong,L. Acheompong,OL,1.88,74.02,155.0,341.72,,,,,,,,,,,
2021,,conrad-schmid,BTH,Berlin Thunder,79.0,Conrad,Schmid,C. Schmid,OL,2.0,78.74,125.0,275.58,,,,,,,,,,,
2021,a7554991-2d97-406c-a4a8-10db1c90b124,paul-seifert,BTH,Berlin Thunder,8.0,Paul,Seifert,P. Seifert,OLB,1.82,71.65,84.0,185.19,,,,,,,,,,,
2021,,tino-ndongo,BTH,Berlin Thunder,80.0,Tino,Ndongo,T. Ndongo,WR,1.76,69.29,78.0,171.96,,,,,,,,,,,
2021,e86114e7-be65-4774-912b-f36983be6f65,nicolai-schumann,BTH,Berlin Thunder,85.0,Nicolai,Schumann,N. Schumann,TE,1.93,75.98,113.0,249.12,,,,,,,,,,,
2021,,pascal-schaar,BTH,Berlin Thunder,9.0,Pascal,Schaar,P. Schaar,RB,1.83,72.05,107.0,235.89,,,,,,,,,,,
2021,,tuna-hiller,BTH,Berlin Thunder,92.0,Tuna,Hiller,T. Hiller,DT,1.86,73.23,120.0,264.55,,,,,,,,,,,
2021,,gabriel-wiek,BTH,Berlin Thunder,93.0,Gabriel,Wiek,G. Wiek,DE,1.91,75.2,110.0,242.51,,,,,,,,,,,
2021,,adedayo-odeleye,BTH,Berlin Thunder,94.0,Adedayo,Odeleye,A. Odeleye,DL,1.97,77.56,120.0,264.55,,,,,,,,,,,
2021,,nick-rudloff,BTH,Berlin Thunder,95.0,Nick,Rudloff,N. Rudloff,DT,1.86,73.23,135.0,297.62,,,,,,,,,,,
2021,,marcel-behm,BTH,Berlin Thunder,96.0,Marcel,Behm,M. Behm,DT,1.82,71.65,128.0,282.19,,,,,,,,,,,
2021,,kay-wagner,BTH,Berlin Thunder,97.0,Kay,Wagner,K. Wagner,DT,1.85,72.83,128.0,282.19,,,,,,,,,,,
2021,,pascal-labus,BTH,Berlin Thunder,99.0,Pascal,Labus,P. Labus,DL,1.87,73.62,115.0,253.53,,,,,,,,,,,
2021,,zach-edwards,BDR,Barcelona Dragons,1.0,Zach,Edwards,Z. Edwards,QB,1.95,76.77,100.0,220.46,,,,,,,,,,,
2021,,cesare-brugnani,BDR,Barcelona Dragons,10.0,Cesare,Brugnani,C. Brugnani,OLB,1.8,70.87,86.0,189.6,,,,,,,,,,,
2021,,alejandro-fernandez,BDR,Barcelona Dragons,11.0,Alejandro,Fernandez,A. Fernandez,DE,1.88,74.02,105.0,231.49,,,,,,,,,,,
2021,,brandon-brooks,BDR,Barcelona Dragons,11.0,Brandon,Brooks,B. Brooks,DB,1.88,74.02,83.0,182.98,,,,,,,,,,,
2021,,samuel-anca,BDR,Barcelona Dragons,13.0,Samuel,Anca,S. Anca,WR,1.91,75.2,89.0,196.21,,,,,,,,,,,
2021,,sergio-barbero,BDR,Barcelona Dragons,14.0,Sergio,Barbero,S. Barbero,QB,1.85,72.83,85.0,187.39,,,,,,,,,,,
2021,,mario-flores,BDR,Barcelona Dragons,15.0,Mario,Flores,M. Flores,WR,1.81,71.26,86.0,189.6,,,,,,,,,,,
2021,,alejandro-herrero,BDR,Barcelona Dragons,17.0,Alejandro,Herrero,A. Herrero,RB,1.78,70.08,,,,,,,,,,,,,
2021,,chris-manser,BDR,Barcelona Dragons,18.0,Chris,Manser,C. Manser,P,1.81,71.26,,,,,,,,,,,,,
2021,,giacomo-prati,BDR,Barcelona Dragons,2.0,Giacomo,Prati,G. Prati,DE,1.92,75.59,114.0,251.33,,,,,,,,,,,
2021,5cec577a-5d82-435b-a7e6-a44ff526847e,lucas-masero,BDR,Barcelona Dragons,20.0,Lucas,Masero,L. Masero,CB,1.73,68.11,80.0,176.37,,,,,,,,,,,
2021,,antonio-monton,BDR,Barcelona Dragons,21.0,Antonio,Monton,A. Monton,RB,1.69,66.54,75.0,165.35,,,,,,,,,,,
2021,47e0fb08-aa0c-47a0-b8cd-0493f29cb11a,lautaro-frecha,BDR,Barcelona Dragons,22.0,Lautaro,Frecha,L. Frecha,S,1.88,74.02,95.0,209.44,,,,,,,,,,,
2021,,jordi-brugnani,BDR,Barcelona Dragons,23.0,Jordi,Brugnani,J. Brugnani,CB,1.83,72.05,80.0,176.37,,,,,,,,,,,
2021,,javier-castanon,BDR,Barcelona Dragons,24.0,Javier,Castanon,J. Castanon,TE,1.8,70.87,88.0,194.01,,,,,,,,,,,
2021,,niko-lester,BDR,Barcelona Dragons,25.0,Niko,Lester,N. Lester,FS,1.87,73.62,97.0,213.85,,,,,,,,,,,
2021,,adriel-costa,BDR,Barcelona Dragons,26.0,Adriel ,Costa,A. Costa,DB,1.78,70.08,80.0,176.37,,,,,,,,,,,
2021,,andy-vera,BDR,Barcelona Dragons,27.0,Andy,Vera,A. Vera,CB,1.7,66.93,80.0,176.37,,,,,,,,,,,
2021,,adrian-jimenez,BDR,Barcelona Dragons,3.0,Adrian,Jiménez,A. Jiménez,RB,1.8,70.87,97.0,213.85,,,,,,,,,,,
2021,,jonathan-michael-corradini,BDR,Barcelona Dragons,32.0,Jonathan Michael,Corradini,J. Corradini,DB,1.71,67.32,,,,,,,,,,,,,
2021,,timon-debiez,BDR,Barcelona Dragons,33.0,Timon,Debiez,T. Debiez,ILB,1.78,70.08,90.0,198.42,,,,,,,,,,,
2021,,elias-rodriguez,BDR,Barcelona Dragons,34.0,Elias,Rodriguez,E. Rodriguez,RB,1.73,68.11,85.0,187.39,,,,,,,,,,,
2021,,myke-tavarres,BDR,Barcelona Dragons,4.0,Myke,Tavarres ,M. Tavarres ,ILB,1.87,73.62,104.0,229.28,,,,,,,,,,,
2021,6c210f26-de05-45ef-91f0-6bfa669e780d,remi-bertellin,BDR,Barcelona Dragons,4.0,Rémi,Bertellin,R. Bertellin,WR,1.83,72.05,84.0,185.19,,,,,,,,,,,
2021,,raul-hernandez,BDR,Barcelona Dragons,42.0,Raúl,Hernandez,R. Hernandez,TE,1.95,76.77,121.0,266.76,,,,,,,,,,,
2021,,victor-albarracin,BDR,Barcelona Dragons,43.0,Victor,Albarracin,V. Albarracin,ILB,1.83,72.05,93.0,205.03,,,,,,,,,,,
2021,,alex-gonzalez,BDR,Barcelona Dragons,45.0,alex,Gonzalez Posito,a. Gonzalez Posito,ILB,1.81,71.26,99.0,218.26,,,,,,,,,,,
2021,,vicente-latorre,BDR,Barcelona Dragons,46.0,Vicente,Latorre,V. Latorre,DL,1.85,72.83,99.0,218.26,,,,,,,,,,,
2021,,sebastian-castaner,BDR,Barcelona Dragons,49.0,Sebastian,Castaner,S. Castaner,ILB,1.88,74.02,100.0,220.46,,,,,,,,,,,
2021,,jean-constant,BDR,Barcelona Dragons,5.0,Jean,Constant,J. Constant,WR,1.75,68.9,84.0,185.19,,,,,,,,,,,
2021,,guillermo-bahillo,BDR,Barcelona Dragons,50.0,Guillermo,Bahillo,G. Bahillo,LB,1.84,72.44,80.0,176.37,,,,,,,,,,,
2021,,daniel-monfared,BDR,Barcelona Dragons,52.0,Daniel,Monfared,D. Monfared,ILB,1.83,72.05,95.0,209.44,,,,,,,,,,,
2021,,josep-tricas,BDR,Barcelona Dragons,53.0,Josep,Tricas,J. Tricas,LS,1.83,72.05,105.0,231.49,,,,,,,,,,,
2021,,ivan-gutierrez,BDR,Barcelona Dragons,55.0,Ivan,Gutiérrez,I. Gutiérrez,ILB,1.86,73.23,89.0,196.21,,,,,,,,,,,
2021,,luis-cereceda,BDR,Barcelona Dragons,6.0,Luis,Cereceda,L. Cereceda,P,1.77,69.69,81.0,178.57,,,,,,,,,,,
2021,,pablo-de-diego,BDR,Barcelona Dragons,6.0,Pablo,De Diego,P. De Diego,CB,,,,,,,,,,,,,,,
2021,,celestin-ngimbi,BDR,Barcelona Dragons,60.0,Celestin,Ngimbi,C. Ngimbi,OL,1.87,73.62,135.0,297.62,,,,,,,,,,,
2021,,elvys-nunez,BDR,Barcelona Dragons,64.0,Elvys,Núnez,E. Núnez,OL,1.86,73.23,135.0,297.62,,,,,,,,,,,
2021,,jan-raus,BDR,Barcelona Dragons,65.0,Jan,Raus,J. Raus,OL,1.85,72.83,131.0,288.81,,,,,,,,,,,
2021,,nicholas-moller-hansen,BDR,Barcelona Dragons,68.0,Nicholas,Møller-Hansen,N. Møller-Hansen,OL,1.88,74.02,144.0,317.47,,,,,,,,,,,
2021,,jedrzej-rudnicki,BDR,Barcelona Dragons,70.0,Jedrzej,Rudnicki,J. Rudnicki,OL,1.95,76.77,121.0,266.76,,,,,,,,,,,
2021,,pierce-boothby,BDR,Barcelona Dragons,70.0,Pierce,Boothby,P. Boothby,OL,1.92,75.59,136.0,299.83,,,,,,,,,,,
2021,,sebastian-bowen,BDR,Barcelona Dragons,73.0,Sebastian,Bowen,S. Bowen,DT,1.88,74.02,120.0,264.55,,,,,,,,,,,
2021,,alvaro-lopez-lopez,BDR,Barcelona Dragons,75.0,alvaro,Lopez Lopez,a. Lopez Lopez,OL,1.74,68.5,106.0,233.69,,,,,,,,,,,
2021,,naren-ishwar-lalwani,BDR,Barcelona Dragons,75.0,Naren Ishwar,Lalwani,N. Lalwani,OL,1.78,70.08,130.0,286.6,,,,,,,,,,,
2021,,carlos-guillen,BDR,Barcelona Dragons,77.0,Carlos,Guillén,C. Guillén,OL,1.88,74.02,116.0,255.74,,,,,,,,,,,
2021,,axel-irigoite,BDR,Barcelona Dragons,78.0,Axel,Irigoite,A. Irigoite,OL,1.78,70.08,137.0,302.03,,,,,,,,,,,
2021,,irvin-santana,BDR,Barcelona Dragons,79.0,Irvin,Santana,I. Santana,OL,1.8,70.87,122.0,268.96,,,,,,,,,,,
2021,,giorgio-tavecchio,BDR,Barcelona Dragons,8.0,Giorgio,Tavecchio,G. Tavecchio,K,1.78,70.08,82.0,180.78,,,,,,,,,,,
2021,,thomas-costa,BDR,Barcelona Dragons,8.0,Thomas,Costa Anessiadis,T. Costa Anessiadis,CB,1.82,71.65,80.0,176.37,,,,,,,,,,,
2021,478d45b4-d617-4a56-9e74-eb41097b4c05,jordi-torrededia,BDR,Barcelona Dragons,80.0,Jordi,Torrededia,J. Torrededia,WR,1.77,69.69,74.0,163.14,,,,,,,,,,,
2021,,juan-hervas,BDR,Barcelona Dragons,82.0,Juan,Hervas,J. Hervas,WR,1.81,71.26,72.0,158.73,,,,,,,,,,,
2021,,javier-barrena,BDR,Barcelona Dragons,83.0,Javier,Barrena,J. Barrena,RB/WR,,,,,,,,,,,,,,,
2021,,jaume-llinas,BDR,Barcelona Dragons,85.0,Jaume,Llinas,J. Llinas,WR,1.7,66.93,73.0,160.94,,,,,,,,,,,
2021,,ivan-iordanov,BDR,Barcelona Dragons,88.0,Ivan,Iordanov,I. Iordanov,WR,1.9,74.8,83.0,182.98,,,,,,,,,,,
2021,,arthur-pinheiro,BDR,Barcelona Dragons,93.0,Arthur,Pinheiro,A. Pinheiro,DL,1.9,74.8,128.0,282.19,,,,,,,,,,,
2021,6bcb84a5-19f4-46d0-b28c-dd6ee6cb275a,yago-rivero,BDR,Barcelona Dragons,99.0,Yago,Rivero,Y. Rivero,DE,1.86,73.23,105.0,231.49,,,,,,,,,,,
